Family;Qsize_R3;Qsize_R4;Qsize_R5;Cur_Charge_comparable_R3;Cur_Charge_comparable_R4;Cur_Charge_comparable_R5;Exp_Charge__R3;Exp_Charge__R4;Exp_Charge__R5;Exp_ChargeRates_R3;Exp_ChargeRates_R4;Exp_ChargeRates_R5;Exp_Charge__comparable_R3;Exp_Charge__comparable_R4;Exp_Charge__comparable_R5;Eff_Gross_R3;Eff_Gross_R4;Eff_Gross_R5;predFamilies_R3;predFamilies_R4;predFamilies_R5;Cell%__c1;Cell%__c2;Cell%__c3;Cell%__c4;Cell%__c5;Selected Resource_0.0;Selected Resource_1.0;Selected Resource_2.0
2.0;0.0;0.0;0.0;1.0;1.0;1.0;15.0;18.0;21.0;1.0;1.0;1.0;1.0;1.2;1.4;0.9375;1.125;1.3125;0.0;0.0;0.0;1.0;0.0;0.0;0.0;0.0;1;0;0
5.0;0.0;0.0;0.0;1.0;0.0;0.0;25.0;18.0;21.0;1.0;0.6428571428571429;0.6774193548387096;1.3888888888888888;1.0;1.1666666666666667;0.9375;1.125;1.3125;0.0;0.0;0.0;0.8412698412698413;0.15873015873015872;0.0;0.0;0.0;0;1;0
2.0;0.0;1.0;0.0;0.5555555555555556;1.0;0.0;20.0;36.0;21.0;0.5263157894736842;0.782608695652174;0.42857142857142855;1.0;1.8;1.05;0.9090909090909091;1.6363636363636365;1.9090909090909092;1.0;0.0;0.0;0.654320987654321;0.345679012345679;0.0;0.0;0.0;0;0;1
2.0;0.0;1.0;1.0;0.3125;0.8125;1.0;15.0;31.0;30.0;0.3409090909090909;0.5961538461538461;0.625;1.0;2.066666666666667;2.0;0.9090909090909091;1.6363636363636365;1.2727272727272727;1.0;0.0;1.0;0.6304347826086957;0.3695652173913043;0.0;0.0;0.0;1;0;0
3.0;0.0;0.0;0.0;0.8333333333333334;0.5;1.0;20.0;21.0;27.0;0.6896551724137931;0.65625;0.7714285714285715;1.0;1.05;1.35;0.9375;1.125;1.3125;0.0;0.0;0.0;0.6973684210526315;0.18421052631578946;0.11842105263157894;0.0;0.0;0;0;1
3.0;0.0;0.0;1.0;0.0;0.0;1.0;15.0;18.0;36.0;0.40540540540540543;0.45;1.0;1.0;1.2;2.4;1.0;1.2;0.9333333333333333;0.0;0.0;1.0;0.5393258426966292;0.24719101123595505;0.21348314606741572;0.0;0.0;1;0;0
4.0;0.0;0.0;0.0;0.4166666666666667;0.0;1.0;20.0;18.0;33.0;0.625;0.5142857142857142;0.868421052631579;1.1111111111111112;1.0;1.8333333333333333;0.9375;1.125;1.3125;0.0;0.0;0.0;0.6091954022988506;0.19540229885057472;0.08045977011494253;0.022988505747126436;0.09195402298850575;0;0;1
5.0;0.0;0.0;1.0;0.0;0.0;1.0;15.0;12.0;49.0;0.3488372093023256;0.3;1.0;1.25;1.0;4.083333333333333;1.1538461538461537;0.9230769230769231;1.6153846153846154;0.0;1.0;0.0;0.5517241379310345;0.3218390804597701;0.0;0.011494252873563218;0.11494252873563218;1;0;0
5.0;0.0;0.0;1.0;0.43478260869565216;0.0;1.0;20.0;12.0;44.0;0.46511627906976744;0.26666666666666666;0.8148148148148148;1.6666666666666667;1.0;3.6666666666666665;0.9090909090909091;1.0909090909090908;1.9090909090909092;1.0;1.0;0.0;0.5087719298245614;0.2894736842105263;0.07894736842105263;0.0;0.12280701754385964;0;1;0
1.0;0.0;0.0;1.0;0.2777777777777778;0.3888888888888889;1.0;20.0;25.0;39.0;0.4444444444444444;0.5208333333333334;0.7647058823529411;1.0;1.25;1.95;0.9375;1.125;1.3125;0.0;0.0;0.0;0.5;0.2830188679245283;0.1509433962264151;0.0;0.0660377358490566;1;0;0
5.0;1.0;0.0;1.0;1.0;0.35;0.9;35.0;19.0;39.0;0.5833333333333334;0.3333333333333333;0.5909090909090909;1.8421052631578947;1.0;2.0526315789473686;1.1538461538461537;0.9230769230769231;1.6153846153846154;0.0;1.0;0.0;0.4380165289256198;0.371900826446281;0.1322314049586777;0.0;0.05785123966942149;0;1;0
1.0;1.0;1.0;0.0;1.0;0.9333333333333333;0.8666666666666667;25.0;32.0;34.0;0.4807692307692308;0.5333333333333333;0.5396825396825397;1.0;1.28;1.36;0.9090909090909091;1.6363636363636365;1.9090909090909092;1.0;0.0;0.0;0.5748031496062992;0.33070866141732286;0.05511811023622047;0.023622047244094488;0.015748031496062992;1;0;0
1.0;1.0;0.0;0.0;1.0;0.45;0.4;30.0;27.0;29.0;0.6382978723404256;0.4909090909090909;0.5;1.1111111111111112;1.0;1.0740740740740742;0.9090909090909091;1.6363636363636365;1.9090909090909092;1.0;0.0;0.0;0.5294117647058824;0.31092436974789917;0.09243697478991597;0.0;0.06722689075630252;0;1;0
4.0;1.0;1.0;0.0;0.6818181818181818;1.0;0.13636363636363635;30.0;40.0;17.0;0.5454545454545454;0.6896551724137931;0.3148148148148148;1.7647058823529411;2.3529411764705883;1.0;1.0;1.2;0.9333333333333333;0.0;0.0;1.0;0.5811965811965812;0.3418803418803419;0.03418803418803419;0.017094017094017096;0.02564102564102564;1;0;1
1.0;1.0;1.0;1.0;0.6818181818181818;1.0;0.7727272727272727;25.0;34.0;38.0;0.390625;0.5151515151515151;0.5066666666666667;1.0;1.36;1.52;0.9090909090909091;1.0909090909090908;1.9090909090909092;1.0;1.0;0.0;0.5190839694656488;0.4122137404580153;0.030534351145038167;0.015267175572519083;0.022900763358778626;1;0;0
4.0;1.0;1.0;0.0;1.0;0.85;0.6;35.0;35.0;26.0;0.546875;0.5223880597014925;0.4126984126984127;1.3461538461538463;1.3461538461538463;1.0;1.0;1.2;0.9333333333333333;0.0;0.0;1.0;0.45985401459854014;0.35766423357664234;0.13138686131386862;0.021897810218978103;0.029197080291970802;0;0;1
1.0;1.0;1.0;1.0;0.7692307692307693;0.6538461538461539;1.0;30.0;29.0;47.0;0.410958904109589;0.38666666666666666;0.5595238095238095;1.0344827586206897;1.0;1.6206896551724137;0.9090909090909091;1.0909090909090908;1.9090909090909092;1.0;1.0;0.0;0.41721854304635764;0.41721854304635764;0.11920529801324503;0.019867549668874173;0.026490066225165563;0;1;0
3.0;0.0;1.0;0.0;0.35714285714285715;1.0;0.7857142857142857;20.0;32.0;32.0;0.4444444444444444;0.6666666666666666;0.6274509803921569;1.0;1.6;1.6;0.9375;1.125;1.3125;0.0;0.0;0.0;0.6134453781512605;0.25210084033613445;0.11764705882352941;0.008403361344537815;0.008403361344537815;0;1;0
2.0;0.0;2.0;0.0;0.15625;1.0;0.34375;20.0;50.0;32.0;0.31746031746031744;0.7575757575757576;0.463768115942029;1.0;2.5;1.6;0.9375;1.125;1.3125;0.0;0.0;0.0;0.5328467153284672;0.35036496350364965;0.10218978102189781;0.0072992700729927005;0.0072992700729927005;1;0;0
3.0;1.0;1.0;0.0;0.5555555555555556;1.0;0.2222222222222222;30.0;39.0;27.0;0.47619047619047616;0.65;0.391304347826087;1.1111111111111112;1.4444444444444444;1.0;1.1538461538461537;0.9230769230769231;1.6153846153846154;0.0;1.0;0.0;0.5;0.35294117647058826;0.10294117647058823;0.0;0.04411764705882353;0;0;1
2.0;1.0;1.0;1.0;0.5555555555555556;1.0;1.0;25.0;45.0;48.0;0.31645569620253167;0.5172413793103449;0.5333333333333333;1.0;1.8;1.92;0.9090909090909091;1.6363636363636365;1.9090909090909092;1.0;0.0;0.0;0.43312101910828027;0.4394904458598726;0.08917197452229299;0.0;0.03821656050955414;1;0;0
3.0;1.0;1.0;1.0;0.9090909090909091;1.0;1.0;35.0;34.0;36.0;0.4430379746835443;0.4473684210526316;0.46153846153846156;1.0294117647058822;1.0;1.0588235294117647;1.1538461538461537;0.9230769230769231;1.0769230769230769;0.0;1.0;1.0;0.4228187919463087;0.42953020134228187;0.06711409395973154;0.0;0.08053691275167785;0;0;1
3.0;1.0;1.0;2.0;0.4838709677419355;0.5483870967741935;1.0;30.0;29.0;45.0;0.38461538461538464;0.38666666666666666;0.5844155844155844;1.0344827586206897;1.0;1.5517241379310345;1.1538461538461537;0.9230769230769231;1.0769230769230769;0.0;1.0;1.0;0.40458015267175573;0.48091603053435117;0.06870229007633588;0.030534351145038167;0.015267175572519083;0;1;1
1.0;0.0;0.0;2.0;0.25;0.3;1.0;25.0;30.0;61.0;0.3246753246753247;0.375;0.7349397590361446;1.0;1.2;2.44;0.9375;1.125;1.3125;0.0;0.0;0.0;0.5;0.4246575342465753;0.0;0.02054794520547945;0.0547945205479452;1;1;0
1.0;1.0;0.0;2.0;0.5714285714285714;0.2;1.0;30.0;25.0;56.0;0.4166666666666667;0.3125;0.6746987951807228;1.2;1.0;2.24;0.9090909090909091;1.6363636363636365;1.9090909090909092;1.0;0.0;0.0;0.4689655172413793;0.42758620689655175;0.06206896551724138;0.0;0.041379310344827586;1;0;0
1.0;2.0;0.0;2.0;0.8333333333333334;0.06666666666666667;1.0;35.0;20.0;51.0;0.5223880597014925;0.26666666666666666;0.6538461538461539;1.75;1.0;2.55;0.9090909090909091;1.6363636363636365;1.9090909090909092;1.0;0.0;0.0;0.5407407407407407;0.4222222222222222;0.02962962962962963;0.0;0.007407407407407408;0;1;0
1.0;1.0;1.0;1.0;0.8;0.6;1.0;30.0;27.0;46.0;0.42857142857142855;0.375;0.5679012345679012;1.1111111111111112;1.0;1.7037037037037037;0.9090909090909091;1.0909090909090908;1.9090909090909092;1.0;1.0;0.0;0.5602409638554217;0.3614457831325301;0.060240963855421686;0.018072289156626505;0.0;0;1;0
5.0;1.0;1.0;1.0;0.6818181818181818;1.0;0.9090909090909091;30.0;40.0;41.0;0.4166666666666667;0.5333333333333333;0.5256410256410257;1.0;1.3333333333333333;1.3666666666666667;0.9375;1.125;1.3125;0.0;0.0;0.0;0.535483870967742;0.36774193548387096;0.012903225806451613;0.03225806451612903;0.05161290322580645;1;0;1
1.0;1.0;1.0;2.0;0.36585365853658536;0.5365853658536586;1.0;25.0;34.0;62.0;0.2840909090909091;0.37777777777777777;0.6262626262626263;1.0;1.36;2.48;0.9090909090909091;1.0909090909090908;1.9090909090909092;1.0;1.0;0.0;0.4715909090909091;0.4431818181818182;0.011363636363636364;0.028409090909090908;0.045454545454545456;1;0;0
1.0;1.0;1.0;2.0;0.5555555555555556;0.4722222222222222;1.0;30.0;29.0;57.0;0.3614457831325301;0.3411764705882353;0.6063829787234043;1.0344827586206897;1.0;1.9655172413793103;0.9090909090909091;1.0909090909090908;1.9090909090909092;1.0;1.0;0.0;0.5146198830409356;0.4269005847953216;0.0;0.005847953216374269;0.05263157894736842;1;0;0
1.0;2.0;0.0;1.0;0.8064516129032258;0.3870967741935484;1.0;35.0;24.0;52.0;0.44871794871794873;0.3;0.5842696629213483;1.4583333333333333;1.0;2.1666666666666665;0.9090909090909091;1.0909090909090908;1.9090909090909092;1.0;1.0;0.0;0.5269461077844312;0.40718562874251496;0.011976047904191617;0.0;0.05389221556886228;0;1;0
4.0;1.0;1.0;1.0;0.7692307692307693;0.7307692307692307;1.0;35.0;37.0;47.0;0.4375;0.4457831325301205;0.5465116279069767;1.0;1.0571428571428572;1.3428571428571427;0.9375;1.125;1.3125;0.0;0.0;0.0;0.5306122448979592;0.4421768707482993;0.013605442176870748;0.0;0.013605442176870748;0;1;0
4.0;0.0;1.0;1.0;0.37037037037037035;1.0;0.5925925925925926;25.0;39.0;37.0;0.36764705882352944;0.6;0.5;1.0;1.56;1.48;1.1538461538461537;0.9230769230769231;1.6153846153846154;0.0;1.0;0.0;0.5367647058823529;0.3897058823529412;0.029411764705882353;0.014705882352941176;0.029411764705882353;0;1;0
2.0;0.0;2.0;0.0;0.14705882352941177;1.0;0.3235294117647059;20.0;52.0;32.0;0.3076923076923077;0.7647058823529411;0.4507042253521127;1.0;2.6;1.6;0.9375;1.125;1.3125;0.0;0.0;0.0;0.5866666666666667;0.3333333333333333;0.006666666666666667;0.02;0.05333333333333334;1;0;0
4.0;1.0;2.0;0.0;0.5882352941176471;1.0;0.3235294117647059;35.0;46.0;32.0;0.4375;0.5974025974025974;0.37209302325581395;1.09375;1.4375;1.0;1.1538461538461537;0.9230769230769231;1.6153846153846154;0.0;1.0;0.0;0.5333333333333333;0.3939393939393939;0.006060606060606061;0.01818181818181818;0.048484848484848485;0;1;0
4.0;1.0;3.0;0.0;0.36585365853658536;1.0;0.14634146341463414;30.0;53.0;27.0;0.38961038961038963;0.7162162162162162;0.3253012048192771;1.1111111111111112;1.962962962962963;1.0;1.1538461538461537;0.9230769230769231;1.6153846153846154;0.0;1.0;0.0;0.5988372093023255;0.36046511627906974;0.029069767441860465;0.0;0.011627906976744186;0;1;0
5.0;0.0;3.0;0.0;0.11627906976744186;1.0;0.0;20.0;61.0;14.0;0.31746031746031744;0.9242424242424242;0.22580645161290322;1.4285714285714286;4.357142857142857;1.0;1.0;1.2;0.9333333333333333;0.0;0.0;1.0;0.7047619047619048;0.22857142857142856;0.047619047619047616;0.004761904761904762;0.014285714285714285;0;0;1
5.0;0.0;3.0;0.0;0.0;1.0;0.23684210526315788;15.0;56.0;23.0;0.24193548387096775;0.8615384615384616;0.3770491803278688;1.0;3.7333333333333334;1.5333333333333334;1.0;1.2;0.9333333333333333;0.0;0.0;1.0;0.7326732673267327;0.23267326732673269;0.024752475247524754;0.0;0.009900990099009901;1;0;0
5.0;0.0;2.0;0.0;0.30303030303030304;1.0;0.12121212121212122;20.0;51.0;18.0;0.3508771929824561;0.7846153846153846;0.29508196721311475;1.1111111111111112;2.8333333333333335;1.0;0.9090909090909091;1.6363636363636365;1.2727272727272727;1.0;0.0;1.0;0.6860986547085202;0.21076233183856502;0.1031390134529148;0.0;0.0;0;0;1
3.0;0.0;2.0;0.0;0.17857142857142858;1.0;0.4642857142857143;20.0;46.0;34.0;0.32786885245901637;0.71875;0.5074626865671642;1.0;2.3;1.7;0.9375;1.125;1.3125;0.0;0.0;0.0;0.6682242990654206;0.21495327102803738;0.07476635514018691;0.0;0.04205607476635514;1;0;0
5.0;1.0;2.0;0.0;0.7142857142857143;1.0;0.4642857142857143;35.0;46.0;27.0;0.4605263157894737;0.5822784810126582;0.36;1.2962962962962963;1.7037037037037037;1.0;1.0;1.2;0.9333333333333333;0.0;0.0;1.0;0.6244541484716157;0.2663755458515284;0.06986899563318777;0.0;0.039301310043668124;0;0;1
5.0;1.0;1.0;1.0;0.6521739130434783;1.0;0.9565217391304348;30.0;41.0;36.0;0.4;0.5256410256410257;0.4864864864864865;1.0;1.3666666666666667;1.2;1.0;1.2;0.9333333333333333;0.0;0.0;1.0;0.6810344827586207;0.25862068965517243;0.034482758620689655;0.008620689655172414;0.017241379310344827;0;0;1
2.0;0.0;1.0;1.0;0.19230769230769232;0.5;1.0;20.0;31.0;47.0;0.3389830508474576;0.5;0.7230769230769231;1.0;1.55;2.35;0.9375;1.125;1.3125;0.0;0.0;0.0;0.7602996254681648;0.1647940074906367;0.00749063670411985;0.003745318352059925;0.06367041198501873;0;1;0
2.0;0.0;1.0;1.0;0.0;1.0;0.8076923076923077;15.0;38.0;42.0;0.24193548387096775;0.6440677966101694;0.6176470588235294;1.0;2.533333333333333;2.8;1.1538461538461537;0.9230769230769231;1.6153846153846154;0.0;1.0;0.0;0.7743055555555556;0.16319444444444445;0.003472222222222222;0.003472222222222222;0.05555555555555555;0;1;0
3.0;0.0;2.0;1.0;0.0;1.0;0.5526315789473685;10.0;56.0;42.0;0.14492753623188406;0.7272727272727273;0.525;1.0;5.6;4.2;0.9090909090909091;1.6363636363636365;1.9090909090909092;1.0;0.0;0.0;0.7433333333333333;0.19666666666666666;0.0033333333333333335;0.0033333333333333335;0.05333333333333334;1;0;0
3.0;0.0;2.0;1.0;0.15151515151515152;1.0;0.48484848484848486;15.0;51.0;37.0;0.234375;0.7083333333333334;0.49333333333333335;1.0;3.4;2.466666666666667;0.9090909090909091;1.6363636363636365;1.9090909090909092;1.0;0.0;0.0;0.7628205128205128;0.17307692307692307;0.028846153846153848;0.0;0.035256410256410256;1;0;0
4.0;0.0;1.0;0.0;0.21739130434782608;1.0;0.2608695652173913;20.0;41.0;27.0;0.40816326530612246;0.7884615384615384;0.4909090909090909;1.0;2.05;1.35;0.9375;1.125;1.3125;0.0;0.0;0.0;0.8206896551724138;0.11724137931034483;0.041379310344827586;0.017241379310344827;0.0034482758620689655;1;0;0
1.0;1.0;1.0;0.0;0.8333333333333334;1.0;0.05555555555555555;30.0;36.0;22.0;0.6122448979591837;0.6923076923076923;0.4;1.3636363636363635;1.6363636363636365;1.0;0.9375;1.125;1.3125;0.0;0.0;0.0;0.835016835016835;0.11447811447811448;0.013468013468013467;0.006734006734006734;0.030303030303030304;0;0;1
1.0;0.0;0.0;0.0;0.4166666666666667;0.6666666666666666;1.0;20.0;26.0;26.0;0.5;0.6046511627906976;0.6666666666666666;1.0;1.3;1.3;1.0;1.2;0.9333333333333333;0.0;0.0;1.0;0.8145896656534954;0.07598784194528875;0.060790273556231005;0.0;0.0486322188449848;0;0;1
4.0;0.0;0.0;1.0;0.0;0.14285714285714285;1.0;10.0;21.0;42.0;0.29411764705882354;0.5;0.9333333333333333;1.0;2.1;4.2;0.9090909090909091;1.6363636363636365;1.9090909090909092;1.0;0.0;0.0;0.8734567901234568;0.07407407407407407;0.030864197530864196;0.0;0.021604938271604937;1;0;0
4.0;0.0;0.0;1.0;0.3125;0.0;1.0;15.0;18.0;37.0;0.4838709677419355;0.46153846153846156;0.8809523809523809;1.0;1.2;2.466666666666667;0.9090909090909091;1.6363636363636365;1.9090909090909092;1.0;0.0;0.0;0.8478260869565217;0.06521739130434782;0.07763975155279502;0.003105590062111801;0.006211180124223602;1;0;0
2.0;0.0;0.0;0.0;0.9090909090909091;0.0;1.0;25.0;12.0;32.0;0.6944444444444444;0.36363636363636365;0.7619047619047619;2.0833333333333335;1.0;2.6666666666666665;1.1538461538461537;0.9230769230769231;1.6153846153846154;0.0;1.0;0.0;0.8524096385542169;0.06325301204819277;0.07530120481927711;0.006024096385542169;0.0030120481927710845;0;1;0
2.0;0.0;0.0;0.0;0.7142857142857143;1.0;0.8571428571428571;20.0;19.0;27.0;0.6060606060606061;0.6333333333333333;0.6923076923076923;1.0526315789473684;1.0;1.4210526315789473;1.1538461538461537;0.9230769230769231;1.6153846153846154;0.0;1.0;0.0;0.8666666666666667;0.05714285714285714;0.044444444444444446;0.009523809523809525;0.022222222222222223;0;0;1
5.0;0.0;0.0;1.0;0.0;0.09090909090909091;1.0;15.0;20.0;43.0;0.38461538461538464;0.47619047619047616;0.9555555555555556;1.0;1.3333333333333333;2.8666666666666667;0.9375;1.125;1.3125;0.0;0.0;0.0;0.8734567901234568;0.07407407407407407;0.009259259259259259;0.012345679012345678;0.030864197530864196;1;0;0
2.0;1.0;0.0;1.0;0.6818181818181818;0.09090909090909091;1.0;30.0;14.0;36.0;0.5555555555555556;0.27450980392156865;0.6792452830188679;2.142857142857143;1.0;2.5714285714285716;1.1538461538461537;0.9230769230769231;1.0769230769230769;0.0;1.0;1.0;0.8348082595870207;0.11504424778761062;0.008849557522123894;0.011799410029498525;0.029498525073746312;0;1;0
2.0;0.0;0.0;1.0;0.5882352941176471;0.5294117647058824;1.0;25.0;21.0;31.0;0.49019607843137253;0.4375;0.62;1.1904761904761905;1.0;1.4761904761904763;1.1538461538461537;0.9230769230769231;1.0769230769230769;0.0;1.0;1.0;0.8413978494623656;0.0967741935483871;0.021505376344086023;0.013440860215053764;0.026881720430107527;0;0;1
3.0;0.0;0.0;1.0;0.0;0.0;1.0;15.0;18.0;42.0;0.4166666666666667;0.46153846153846156;1.0;1.0;1.2;2.8;0.9375;1.125;1.3125;0.0;0.0;0.0;0.8963963963963963;0.0472972972972973;0.009009009009009009;0.0;0.0472972972972973;0;1;0
3.0;0.0;1.0;1.0;0.0;0.8125;1.0;15.0;25.0;37.0;0.3409090909090909;0.6097560975609756;0.74;1.0;1.6666666666666667;2.466666666666667;1.1538461538461537;0.9230769230769231;1.6153846153846154;0.0;1.0;0.0;0.8831460674157303;0.0651685393258427;0.020224719101123594;0.006741573033707865;0.024719101123595506;0;1;0
1.0;0.0;2.0;1.0;0.0;1.0;0.64;15.0;43.0;37.0;0.26785714285714285;0.7288135593220338;0.5967741935483871;1.0;2.8666666666666667;2.466666666666667;0.9375;1.125;1.3125;0.0;0.0;0.0;0.8599562363238512;0.08971553610503283;0.019693654266958426;0.006564551422319475;0.024070021881838075;1;0;0
3.0;0.0;1.0;0.0;0.5;1.0;0.55;25.0;32.0;32.0;0.44642857142857145;0.6037735849056604;0.5161290322580645;1.0;1.28;1.28;1.1538461538461537;0.9230769230769231;1.6153846153846154;0.0;1.0;0.0;0.8713080168776371;0.08649789029535865;0.012658227848101266;0.0;0.029535864978902954;0;1;0
1.0;0.0;2.0;0.0;0.3125;1.0;0.34375;20.0;50.0;32.0;0.31746031746031744;0.704225352112676;0.43243243243243246;1.0;2.5;1.6;0.9090909090909091;1.6363636363636365;1.9090909090909092;1.0;0.0;0.0;0.8497942386831275;0.10905349794238683;0.012345679012345678;0.0;0.02880658436213992;1;0;0
4.0;0.0;1.0;0.0;0.29411764705882354;1.0;0.0;20.0;35.0;21.0;0.5405405405405406;0.875;0.4883720930232558;1.0;1.75;1.05;0.9375;1.125;1.3125;0.0;0.0;0.0;0.9140811455847255;0.05250596658711217;0.021479713603818614;0.0;0.011933174224343675;0;0;1
5.0;0.0;1.0;1.0;0.23809523809523808;0.8095238095238095;1.0;20.0;35.0;42.0;0.3448275862068966;0.5737704918032787;0.65625;1.0;1.75;2.1;0.9375;1.125;1.3125;0.0;0.0;0.0;0.8704545454545455;0.09772727272727273;0.020454545454545454;0.0;0.011363636363636364;1;0;0
4.0;1.0;0.0;1.0;0.9375;0.75;1.0;30.0;30.0;30.0;0.5172413793103449;0.4918032786885246;0.5263157894736842;1.0;1.0;1.0;1.0;1.2;0.9333333333333333;0.0;0.0;1.0;0.8923444976076556;0.10287081339712918;0.004784688995215311;0.0;0.0;1;0;1
4.0;1.0;0.0;0.0;1.0;0.28;0.44;35.0;25.0;25.0;0.660377358490566;0.4098360655737705;0.43859649122807015;1.4;1.0;1.0;0.9090909090909091;1.6363636363636365;1.2727272727272727;1.0;0.0;1.0;0.852112676056338;0.10093896713615023;0.03051643192488263;0.002347417840375587;0.014084507042253521;1;0;0
3.0;2.0;0.0;0.0;1.0;0.06666666666666667;0.2;45.0;14.0;27.0;0.8490566037735849;0.28;0.4576271186440678;3.2142857142857144;1.0;1.9285714285714286;1.1538461538461537;0.9230769230769231;1.6153846153846154;0.0;1.0;0.0;0.8737623762376238;0.09405940594059406;0.017326732673267328;0.0;0.01485148514851485;0;1;0
4.0;2.0;1.0;0.0;1.0;0.4666666666666667;0.2;40.0;32.0;20.0;0.6666666666666666;0.47058823529411764;0.3125;2.0;1.6;1.0;0.9090909090909091;1.6363636363636365;1.2727272727272727;1.0;0.0;1.0;0.8485576923076923;0.1201923076923077;0.016826923076923076;0.0;0.014423076923076924;0;0;1
4.0;2.0;0.0;1.0;1.0;0.36;0.6;35.0;27.0;29.0;0.5932203389830508;0.40298507462686567;0.4603174603174603;1.2962962962962963;1.0;1.0740740740740742;0.9090909090909091;1.6363636363636365;1.2727272727272727;1.0;0.0;1.0;0.8661616161616161;0.12373737373737374;0.007575757575757576;0.0;0.0025252525252525255;0;0;1
4.0;1.0;0.0;1.0;0.8333333333333334;0.16666666666666666;1.0;30.0;22.0;38.0;0.5172413793103449;0.3333333333333333;0.6129032258064516;1.3636363636363635;1.0;1.7272727272727273;0.9090909090909091;1.6363636363636365;1.2727272727272727;1.0;0.0;1.0;0.8242574257425742;0.1188118811881188;0.054455445544554455;0.0024752475247524753;0.0;0;0;1
2.0;1.0;0.0;2.0;0.45454545454545453;0.0;1.0;30.0;18.0;54.0;0.47619047619047616;0.2727272727272727;0.782608695652174;1.6666666666666667;1.0;3.0;0.9375;1.125;1.3125;0.0;0.0;0.0;0.821882951653944;0.12213740458015267;0.03816793893129771;0.0;0.017811704834605598;0;0;1
4.0;1.0;0.0;3.0;0.2777777777777778;0.0;1.0;25.0;18.0;75.0;0.31645569620253167;0.20689655172413793;0.8333333333333334;1.3888888888888888;1.0;4.166666666666667;0.9090909090909091;1.6363636363636365;1.9090909090909092;1.0;0.0;0.0;0.7801932367149759;0.16666666666666666;0.036231884057971016;0.0;0.016908212560386472;0;1;0
4.0;0.0;1.0;2.0;0.20408163265306123;0.2653061224489796;1.0;20.0;25.0;70.0;0.24390243902439024;0.2976190476190476;0.7526881720430108;1.0;1.25;3.5;0.9090909090909091;1.0909090909090908;1.9090909090909092;1.0;1.0;0.0;0.8046272493573264;0.18508997429305912;0.005141388174807198;0.005141388174807198;0.0;1;0;0
4.0;1.0;0.0;2.0;0.3409090909090909;0.18181818181818182;1.0;25.0;20.0;65.0;0.3246753246753247;0.25316455696202533;0.7386363636363636;1.25;1.0;3.25;0.9090909090909091;1.0909090909090908;1.9090909090909092;1.0;1.0;0.0;0.7952755905511811;0.17585301837270342;0.026246719160104987;0.0;0.0026246719160104987;1;0;0
5.0;1.0;0.0;2.0;0.5128205128205128;0.07692307692307693;1.0;35.0;21.0;60.0;0.45454545454545453;0.2625;0.7228915662650602;1.6666666666666667;1.0;2.857142857142857;0.9375;1.125;1.3125;0.0;0.0;0.0;0.7918918918918919;0.16756756756756758;0.010810810810810811;0.0;0.02972972972972973;1;0;0
4.0;2.0;0.0;2.0;0.8974358974358975;0.07692307692307693;1.0;50.0;15.0;60.0;0.5434782608695652;0.16853932584269662;0.6122448979591837;3.3333333333333335;1.0;4.0;1.1538461538461537;0.9230769230769231;1.6153846153846154;0.0;1.0;0.0;0.7610389610389611;0.2;0.01038961038961039;0.0;0.02857142857142857;0;1;0
4.0;2.0;0.0;1.0;0.8823529411764706;0.29411764705882354;1.0;45.0;22.0;55.0;0.5056179775280899;0.2558139534883721;0.5789473684210527;2.0454545454545454;1.0;2.5;1.1538461538461537;0.9230769230769231;1.6153846153846154;0.0;1.0;0.0;0.7587131367292225;0.19839142091152814;0.021447721179624665;0.00804289544235925;0.013404825737265416;0;1;0
4.0;1.0;1.0;1.0;0.8620689655172413;0.5862068965517241;1.0;40.0;29.0;50.0;0.46511627906976744;0.3493975903614458;0.5434782608695652;1.3793103448275863;1.0;1.7241379310344827;1.1538461538461537;0.9230769230769231;1.6153846153846154;0.0;1.0;0.0;0.7625698324022346;0.19832402234636873;0.0;0.00558659217877095;0.0335195530726257;0;1;0
1.0;1.0;1.0;1.0;0.8333333333333334;1.0;1.0;35.0;42.0;45.0;0.42168674698795183;0.4883720930232558;0.5056179775280899;1.0;1.2;1.2857142857142858;0.9375;1.125;1.3125;0.0;0.0;0.0;0.7601156069364162;0.19653179190751446;0.0;0.008670520231213872;0.03468208092485549;0;0;1
2.0;0.0;1.0;1.0;0.2857142857142857;0.4;1.0;25.0;32.0;56.0;0.33783783783783783;0.4155844155844156;0.7;1.0;1.28;2.24;0.9375;1.125;1.3125;0.0;0.0;0.0;0.7864077669902912;0.19093851132686085;0.0;0.016181229773462782;0.006472491909385114;1;0;0
2.0;1.0;0.0;1.0;0.6666666666666666;0.3;1.0;30.0;27.0;51.0;0.43478260869565216;0.35064935064935066;0.6375;1.1111111111111112;1.0;1.8888888888888888;0.9090909090909091;1.6363636363636365;1.9090909090909092;1.0;0.0;0.0;0.7818791946308725;0.19798657718120805;0.003355704697986577;0.0;0.016778523489932886;1;0;0
3.0;1.0;0.0;1.0;1.0;0.0;1.0;35.0;18.0;41.0;0.6363636363636364;0.3103448275862069;0.6721311475409836;1.9444444444444444;1.0;2.2777777777777777;0.9375;1.125;1.3125;0.0;0.0;0.0;0.7859778597785978;0.14760147601476015;0.06642066420664207;0.0;0.0;0;1;0
3.0;1.0;1.0;1.0;1.0;0.8666666666666667;1.0;30.0;25.0;36.0;0.5172413793103449;0.45454545454545453;0.5625;1.2;1.0;1.44;1.1538461538461537;0.9230769230769231;1.6153846153846154;0.0;1.0;0.0;0.7898832684824902;0.16731517509727625;0.0311284046692607;0.011673151750972763;0.0;0;1;0
2.0;0.0;1.0;0.0;0.3333333333333333;1.0;0.3333333333333333;15.0;33.0;26.0;0.42857142857142855;0.7674418604651163;0.5652173913043478;1.0;2.2;1.7333333333333334;0.9090909090909091;1.6363636363636365;1.9090909090909092;1.0;0.0;0.0;0.8632075471698113;0.1179245283018868;0.009433962264150943;0.009433962264150943;0.0;1;0;0
1.0;0.0;0.0;0.0;1.0;1.0;0.0;25.0;28.0;14.0;0.7142857142857143;0.7368421052631579;0.4117647058823529;1.7857142857142858;2.0;1.0;1.0;1.2;0.9333333333333333;0.0;0.0;1.0;0.8398058252427184;0.0970873786407767;0.024271844660194174;0.0048543689320388345;0.03398058252427184;0;0;1
1.0;0.0;0.0;0.0;0.0;0.0;1.0;15.0;18.0;18.0;0.7894736842105263;0.8181818181818182;1.0;1.0;1.2;1.2;1.0;1.2;0.9333333333333333;0.0;0.0;1.0;0.8742857142857143;0.022857142857142857;0.02857142857142857;0.0;0.07428571428571429;1;0;0
5.0;0.0;0.0;0.0;1.0;0.0;0.0;25.0;18.0;21.0;1.0;0.6428571428571429;0.6774193548387096;1.3888888888888888;1.0;1.1666666666666667;0.9375;1.125;1.3125;0.0;0.0;0.0;0.807909604519774;0.05649717514124294;0.0847457627118644;0.01694915254237288;0.03389830508474576;0;1;0
1.0;0.0;1.0;0.0;0.5555555555555556;1.0;0.0;20.0;36.0;14.0;0.5263157894736842;0.782608695652174;0.3333333333333333;1.4285714285714286;2.5714285714285716;1.0;0.9090909090909091;1.6363636363636365;1.2727272727272727;1.0;0.0;1.0;0.7333333333333333;0.14358974358974358;0.07692307692307693;0.015384615384615385;0.03076923076923077;0;1;1
5.0;0.0;1.0;0.0;0.38461538461538464;1.0;0.6923076923076923;20.0;25.0;30.0;0.47619047619047616;0.6410256410256411;0.625;1.0;1.25;1.5;1.1538461538461537;0.9230769230769231;1.6153846153846154;0.0;1.0;0.0;0.764367816091954;0.15517241379310345;0.04597701149425287;0.017241379310344827;0.017241379310344827;0;1;0
1.0;0.0;2.0;0.0;0.2;1.0;0.36;15.0;43.0;23.0;0.30612244897959184;0.7543859649122807;0.4339622641509434;1.0;2.8666666666666667;1.5333333333333334;0.9090909090909091;1.6363636363636365;1.2727272727272727;1.0;0.0;1.0;0.7150537634408602;0.20967741935483872;0.043010752688172046;0.016129032258064516;0.016129032258064516;1;0;0
1.0;0.0;1.0;0.0;0.5;1.0;0.2;20.0;38.0;18.0;0.45454545454545453;0.7307692307692307;0.375;1.1111111111111112;2.111111111111111;1.0;0.9090909090909091;1.6363636363636365;1.2727272727272727;1.0;0.0;1.0;0.727810650887574;0.20118343195266272;0.01775147928994083;0.0;0.05325443786982249;0;0;1
3.0;0.0;0.0;0.0;0.0;1.0;0.8;15.0;28.0;29.0;0.45454545454545453;0.7777777777777778;0.7435897435897436;1.0;1.8666666666666667;1.9333333333333333;0.9375;1.125;1.3125;0.0;0.0;0.0;0.8046875;0.140625;0.0390625;0.0078125;0.0078125;0;1;0
5.0;0.0;1.0;0.0;0.0;1.0;0.13043478260869565;15.0;41.0;24.0;0.36585365853658536;0.9318181818181818;0.5106382978723404;1.0;2.7333333333333334;1.6;0.9375;1.125;1.3125;0.0;0.0;0.0;0.7622950819672131;0.21311475409836064;0.0;0.02459016393442623;0.0;1;0;0
5.0;0.0;1.0;0.0;0.5555555555555556;1.0;0.0;20.0;36.0;21.0;0.5263157894736842;0.782608695652174;0.42857142857142855;1.0;1.8;1.05;0.9090909090909091;1.6363636363636365;1.9090909090909092;1.0;0.0;0.0;0.6693548387096774;0.22580645161290322;0.016129032258064516;0.0;0.08870967741935484;1;0;0
1.0;1.0;1.0;0.0;1.0;0.8666666666666667;0.0;30.0;31.0;14.0;0.6976744186046512;0.6739130434782609;0.3333333333333333;2.142857142857143;2.2142857142857144;1.0;1.0;1.2;0.9333333333333333;0.0;0.0;1.0;0.6239316239316239;0.23931623931623933;0.10256410256410256;0.008547008547008548;0.02564102564102564;0;0;1
1.0;0.0;0.0;0.0;1.0;0.8;0.9;25.0;26.0;23.0;0.5952380952380952;0.5777777777777777;0.5609756097560976;1.0869565217391304;1.1304347826086956;1.0;1.0;1.2;0.9333333333333333;0.0;0.0;1.0;0.6494845360824743;0.27835051546391754;0.07216494845360824;0.0;0.0;1;0;0
1.0;1.0;0.0;0.0;1.0;0.15;0.2;30.0;21.0;18.0;0.8108108108108109;0.4666666666666667;0.43902439024390244;1.6666666666666667;1.1666666666666667;1.0;0.9090909090909091;1.6363636363636365;1.2727272727272727;1.0;0.0;1.0;0.6385542168674698;0.3253012048192771;0.03614457831325301;0.0;0.0;0;0;1
5.0;0.0;0.0;0.0;1.0;0.0;0.8;25.0;18.0;29.0;0.7575757575757576;0.5;0.7435897435897436;1.3888888888888888;1.0;1.6111111111111112;0.9375;1.125;1.3125;0.0;0.0;0.0;0.4647887323943662;0.2535211267605634;0.15492957746478872;0.028169014084507043;0.09859154929577464;1;0;0
3.0;1.0;0.0;0.0;1.0;0.0;0.15;35.0;12.0;24.0;0.9210526315789473;0.34285714285714286;0.5454545454545454;2.9166666666666665;1.0;2.0;1.1538461538461537;0.9230769230769231;1.6153846153846154;0.0;1.0;0.0;0.43636363636363634;0.41818181818181815;0.07272727272727272;0.01818181818181818;0.05454545454545454;0;1;0
3.0;0.0;0.0;0.0;1.0;0.2;0.0;25.0;14.0;21.0;0.9259259259259259;0.5833333333333334;0.6363636363636364;1.7857142857142858;1.0;1.5;1.1538461538461537;0.9230769230769231;1.6153846153846154;0.0;1.0;0.0;0.4;0.34285714285714286;0.0;0.02857142857142857;0.22857142857142856;0;1;0
2.0;0.0;0.0;0.0;1.0;1.0;1.0;15.0;18.0;21.0;1.0;1.0;1.0;1.0;1.2;1.4;0.9375;1.125;1.3125;0.0;0.0;0.0;0.0;0.0;0.7;0.0;0.3;1;0;0
