Family;Qsize_R6;Qsize_R7;Cur_Charge_comparable_R6;Cur_Charge_comparable_R7;Exp_Charge__R6;Exp_Charge__R7;Exp_ChargeRates_R6;Exp_ChargeRates_R7;Exp_Charge__comparable_R6;Exp_Charge__comparable_R7;Eff_Gross_R6;Eff_Gross_R7;predFamilies_R6;predFamilies_R7;Cell%__c1;Cell%__c2;Cell%__c3;Selected_Resource_encoded_0;Selected_Resource_encoded_1
5.0;0.0;0.0;0.0;1.0;0.0;1.0;1.0;1.0;0.0;1.0;0.75;0.75;0.0;0.0;1.0;0.0;0.0;1;0
2.0;0.0;0.0;0.0;1.0;0.0;1.0;1.0;1.0;0.0;1.0;0.5;1.5;0.0;0.0;0.0;0.0;0.0;1;1
3.0;0.0;0.0;0.0;1.0;0.0;1.0;1.0;1.0;0.0;1.0;0.0;2.0;0.0;0.0;0.0;1.0;0.0;0;1
2.0;0.0;0.0;0.0;1.0;0.0;1.0;1.0;1.0;0.0;1.0;0.5;1.5;1.0;0.0;1.0;0.0;0.0;1;0
4.0;0.0;0.0;0.0;1.0;0.0;1.0;1.0;1.0;0.0;1.0;0.75;1.0;0.0;0.0;1.0;0.0;0.0;1;0
1.0;0.0;0.0;0.0;1.0;0.0;1.0;1.0;0.5;0.0;1.0;1.0;0.6666666666666666;0.0;0.0;0.7142857142857143;0.0;0.2857142857142857;0;1
4.0;0.0;0.0;0.0;1.0;0.0;1.0;1.0;1.0;0.0;1.0;0.6666666666666666;1.3333333333333333;1.0;0.0;1.0;0.0;0.0;1;0
5.0;0.0;0.0;0.0;1.0;0.0;1.0;1.0;1.0;0.0;1.0;0.75;0.75;0.0;0.0;0.7142857142857143;0.2857142857142857;0.0;1;0
5.0;0.0;0.0;0.0;1.0;0.0;1.0;1.0;0.75;0.0;1.0;0.6666666666666666;1.0;1.0;0.0;0.6666666666666666;0.0;0.3333333333333333;0;1
2.0;0.0;0.0;0.0;1.0;0.0;1.0;0.3333333333333333;1.0;0.0;1.0;0.5;1.5;0.0;0.0;0.7142857142857143;0.0;0.2857142857142857;1;0
5.0;1.0;0.0;0.0;1.0;0.0;1.0;0.7142857142857143;0.6666666666666666;0.0;1.0;1.0;0.6666666666666666;0.0;1.0;0.5555555555555556;0.0;0.4444444444444444;1;0
1.0;0.0;0.0;0.0;1.0;0.0;1.0;1.0;0.6666666666666666;0.0;1.0;1.0;0.6666666666666666;0.0;0.0;0.9;0.0;0.1;0;1
3.0;0.0;0.0;0.0;1.0;0.0;1.0;1.0;1.0;0.0;1.0;0.0;2.0;0.0;0.0;1.0;0.0;0.0;0;1
1.0;0.0;0.0;0.0;1.0;0.0;1.0;1.0;1.0;0.0;1.0;1.0;0.6666666666666666;0.0;0.0;1.0;0.0;0.0;0;1
5.0;0.0;0.0;0.0;1.0;0.0;1.0;1.0;1.0;0.0;1.0;0.6666666666666666;1.0;1.0;0.0;0.9545454545454546;0.0454545454545454;0.0;1;0
5.0;0.0;0.0;0.0;1.0;0.0;1.0;1.0;0.75;0.0;1.0;0.6666666666666666;1.0;1.0;0.0;0.9655172413793104;0.0;0.0344827586206896;0;1
2.0;0.0;0.0;0.0;1.0;0.0;1.0;0.3333333333333333;1.0;0.0;1.0;0.5;1.5;0.0;0.0;0.896551724137931;0.0344827586206896;0.0689655172413793;1;0
2.0;0.0;0.0;0.0;1.0;0.0;1.0;1.0;1.0;0.0;1.0;0.5;1.5;1.0;0.0;1.0;0.0;0.0;1;0
2.0;0.0;0.0;0.0;1.0;0.0;1.0;1.0;1.0;0.0;1.0;0.5;1.5;1.0;0.0;1.0;0.0;0.0;1;0
1.0;0.0;0.0;0.0;1.0;0.0;1.0;1.0;1.0;0.0;1.0;1.0;0.6666666666666666;0.0;0.0;1.0;0.0;0.0;0;1
1.0;0.0;0.0;0.0;1.0;0.0;1.0;1.0;1.0;0.0;1.0;1.5;0.5;0.0;1.0;1.0;0.0;0.0;0;1
3.0;0.0;0.0;0.0;1.0;0.0;1.0;1.0;1.0;0.0;1.0;0.0;2.0;0.0;0.0;1.0;0.0;0.0;0;1
3.0;0.0;0.0;0.0;1.0;0.0;1.0;1.0;1.0;0.0;1.0;0.0;2.0;0.0;1.0;1.0;0.0;0.0;0;1
4.0;0.0;0.0;0.0;1.0;0.0;1.0;0.75;1.0;0.0;1.0;0.75;1.0;0.0;0.0;0.967741935483871;0.0;0.032258064516129;1;0
3.0;0.0;0.0;0.0;1.0;0.0;1.0;1.0;0.6666666666666666;0.0;1.0;0.0;2.0;0.0;1.0;0.9666666666666668;0.0;0.0333333333333333;0;1
3.0;0.0;0.0;0.0;1.0;0.0;1.0;1.0;1.0;0.0;1.0;0.0;2.0;0.0;1.0;1.0;0.0;0.0;0;1
1.0;0.0;0.0;0.0;1.0;0.0;1.0;0.75;1.0;0.0;1.0;1.0;0.6666666666666666;0.0;0.0;0.9736842105263158;0.0;0.0263157894736842;1;0
3.0;0.0;0.0;0.0;1.0;0.0;1.0;1.0;0.6666666666666666;0.0;1.0;0.0;2.0;0.0;1.0;0.9777777777777776;0.0;0.0222222222222222;0;1
3.0;0.0;0.0;0.0;1.0;0.0;1.0;1.0;1.0;0.0;1.0;0.0;2.0;0.0;1.0;1.0;0.0;0.0;0;1
2.0;0.0;0.0;0.0;1.0;0.0;1.0;0.5;1.0;0.0;1.0;0.5;1.5;0.0;0.0;0.9607843137254902;0.0196078431372549;0.0196078431372549;1;0
2.0;0.0;0.0;0.0;1.0;0.0;1.0;1.0;1.0;0.0;1.0;0.5;1.5;1.0;0.0;1.0;0.0;0.0;1;0
3.0;0.0;0.0;0.0;1.0;0.0;1.0;1.0;1.0;0.0;1.0;0.0;2.0;0.0;1.0;1.0;0.0;0.0;0;1
4.0;0.0;0.0;0.0;1.0;0.0;1.0;1.0;1.0;0.0;1.0;0.75;1.0;0.0;0.0;0.9838709677419356;0.0161290322580645;0.0;1;0
2.0;0.0;0.0;0.0;1.0;0.0;1.0;1.0;0.75;0.0;1.0;0.5;1.5;0.0;0.0;0.9827586206896552;0.0;0.0172413793103448;0;1
4.0;0.0;0.0;0.0;1.0;0.0;1.0;1.0;1.0;0.0;1.0;0.6666666666666666;1.3333333333333333;1.0;0.0;1.0;0.0;0.0;1;0
1.0;0.0;0.0;0.0;1.0;0.0;1.0;1.0;0.6666666666666666;0.0;1.0;1.0;0.6666666666666666;0.0;0.0;0.9830508474576272;0.0;0.0169491525423728;0;1
4.0;0.0;0.0;0.0;1.0;0.0;1.0;0.6666666666666666;1.0;0.0;1.0;0.6666666666666666;1.3333333333333333;1.0;0.0;0.9848484848484848;0.0;0.0151515151515151;1;0
5.0;0.0;0.0;0.0;1.0;0.0;1.0;1.0;1.0;0.0;1.0;0.75;0.75;0.0;0.0;1.0;0.0;0.0;1;0
1.0;0.0;0.0;0.0;1.0;0.0;1.0;1.0;0.3333333333333333;0.0;1.0;1.5;0.5;0.0;1.0;0.96875;0.0;0.03125;0;1
2.0;0.0;0.0;0.0;1.0;0.0;1.0;1.0;1.0;0.0;1.0;0.5;1.5;0.0;0.0;1.0;0.0;0.0;1;0
1.0;0.0;0.0;0.0;1.0;0.0;1.0;1.0;1.0;0.0;1.0;1.5;0.5;0.0;1.0;0.9836065573770492;0.0163934426229508;0.0;0;1
2.0;0.0;0.0;0.0;1.0;0.0;1.0;1.0;1.0;0.0;1.0;0.5;1.5;1.0;0.0;1.0;0.0;0.0;1;0
1.0;0.0;0.0;0.0;1.0;0.0;1.0;1.0;1.0;0.0;1.0;1.5;0.5;0.0;1.0;0.9821428571428572;0.0178571428571428;0.0;0;1
2.0;0.0;0.0;0.0;1.0;0.0;1.0;1.0;1.0;0.0;1.0;0.5;1.5;1.0;0.0;1.0;0.0;0.0;1;0
1.0;0.0;0.0;0.0;1.0;0.0;1.0;1.0;1.0;0.0;1.0;1.5;0.5;0.0;1.0;0.984126984126984;0.0158730158730158;0.0;0;1
2.0;0.0;0.0;0.0;1.0;0.0;1.0;1.0;1.0;0.0;1.0;0.5;1.5;1.0;0.0;0.9710144927536232;0.0289855072463768;0.0;1;0
1.0;0.0;0.0;0.0;1.0;0.0;1.0;1.0;1.0;0.0;1.0;1.5;0.5;0.0;1.0;1.0;0.0;0.0;0;1
2.0;0.0;0.0;0.0;1.0;0.0;1.0;1.0;1.0;0.0;1.0;0.5;1.5;1.0;0.0;1.0;0.0;0.0;1;0
4.0;0.0;0.0;0.0;1.0;0.0;1.0;1.0;1.0;0.0;1.0;0.75;1.0;0.0;0.0;1.0;0.0;0.0;1;0
1.0;0.0;0.0;0.0;1.0;0.0;1.0;1.0;0.3333333333333333;0.0;1.0;1.5;0.5;0.0;1.0;0.9661016949152542;0.0;0.0338983050847457;0;1
4.0;0.0;0.0;0.0;1.0;0.0;1.0;1.0;0.8;0.0;1.0;0.6666666666666666;1.3333333333333333;1.0;0.0;0.9836065573770492;0.0;0.0163934426229508;1;0
4.0;0.0;0.0;0.0;1.0;0.0;1.0;1.0;0.8;0.0;1.0;0.6666666666666666;1.3333333333333333;1.0;0.0;0.9818181818181818;0.0;0.0181818181818181;1;0
1.0;0.0;0.0;0.0;1.0;0.0;1.0;1.0;0.3333333333333333;0.0;1.0;1.5;0.5;0.0;1.0;0.9629629629629628;0.0;0.037037037037037;0;1
5.0;0.0;0.0;0.0;1.0;0.0;1.0;1.0;0.75;0.0;1.0;0.75;0.75;0.0;0.0;0.9803921568627452;0.0;0.0196078431372549;0;1
5.0;0.0;0.0;0.0;1.0;0.0;1.0;0.6;1.0;0.0;1.0;1.0;0.6666666666666666;0.0;1.0;0.96;0.0;0.04;1;0
5.0;0.0;0.0;0.0;1.0;0.0;1.0;0.8;0.6;0.0;1.0;0.6666666666666666;0.6666666666666666;1.0;1.0;0.92;0.02;0.06;0;1
2.0;0.0;0.0;0.0;1.0;0.0;1.0;0.5;1.0;0.0;1.0;0.5;1.5;0.0;0.0;0.9767441860465116;0.0;0.0232558139534883;1;0
2.0;0.0;0.0;0.0;1.0;0.0;1.0;1.0;1.0;0.0;1.0;0.5;1.5;1.0;0.0;1.0;0.0;0.0;1;0
2.0;0.0;0.0;0.0;1.0;0.0;1.0;1.0;1.0;0.0;1.0;0.5;1.5;1.0;0.0;0.926829268292683;0.073170731707317;0.0;1;0
2.0;0.0;0.0;0.0;1.0;0.0;1.0;1.0;1.0;0.0;1.0;0.5;1.5;1.0;0.0;1.0;0.0;0.0;1;0
2.0;0.0;0.0;0.0;1.0;0.0;1.0;1.0;1.0;0.0;1.0;0.5;1.5;1.0;0.0;1.0;0.0;0.0;1;0
4.0;0.0;0.0;0.0;1.0;0.0;1.0;1.0;1.0;0.0;1.0;0.75;1.0;0.0;0.0;1.0;0.0;0.0;1;0
3.0;0.0;0.0;0.0;1.0;0.0;1.0;1.0;0.5;0.0;1.0;0.0;2.0;0.0;0.0;0.95;0.0;0.05;0;1
4.0;0.0;0.0;0.0;1.0;0.0;1.0;0.75;0.8333333333333334;0.0;1.0;0.6666666666666666;1.3333333333333333;1.0;0.0;0.9534883720930232;0.0;0.0465116279069767;1;0
3.0;0.0;0.0;0.0;1.0;0.0;1.0;1.0;0.6666666666666666;0.0;1.0;0.0;2.0;0.0;1.0;0.975609756097561;0.0;0.024390243902439;0;1
4.0;0.0;0.0;0.0;1.0;0.0;1.0;0.6666666666666666;1.0;0.0;1.0;0.6666666666666666;1.3333333333333333;1.0;0.0;0.9743589743589745;0.0;0.0256410256410256;1;0
4.0;0.0;0.0;0.0;1.0;0.0;1.0;1.0;0.8;0.0;1.0;0.6666666666666666;1.3333333333333333;1.0;0.0;0.972972972972973;0.0;0.027027027027027;1;0
4.0;0.0;0.0;0.0;1.0;0.0;1.0;1.0;0.8;0.0;1.0;0.6666666666666666;1.3333333333333333;1.0;0.0;0.9696969696969696;0.0;0.0303030303030303;0;1
4.0;0.0;0.0;0.0;1.0;0.0;1.0;0.4;1.0;0.0;1.0;0.6666666666666666;1.0;1.0;1.0;0.8333333333333334;0.0833333333333333;0.0833333333333333;1;0
4.0;0.0;0.0;0.0;1.0;0.0;1.0;0.6;0.8333333333333334;0.0;1.0;0.6666666666666666;1.0;1.0;1.0;0.8484848484848485;0.0606060606060606;0.0909090909090909;1;0
4.0;0.0;0.0;0.0;1.0;0.0;1.0;1.0;1.0;0.0;1.0;0.6666666666666666;1.0;1.0;1.0;1.0;0.0;0.0;1;0
3.0;0.0;0.0;0.0;1.0;0.0;1.0;1.0;1.0;0.0;1.0;0.0;2.0;0.0;0.0;1.0;0.0;0.0;0;1
3.0;0.0;0.0;0.0;1.0;0.0;1.0;0.0;1.0;0.0;1.0;0.0;2.0;0.0;1.0;0.9375;0.0;0.0625;0;1
2.0;0.0;0.0;0.0;1.0;0.0;1.0;1.0;1.0;0.0;1.0;0.5;1.5;0.0;0.0;0.75;0.25;0.0;1;0
1.0;0.0;0.0;0.0;1.0;0.0;1.0;1.0;1.0;0.0;1.0;1.0;0.6666666666666666;0.0;0.0;0.8333333333333334;0.1666666666666666;0.0;0;1
5.0;0.0;0.0;0.0;1.0;0.0;1.0;0.75;1.0;0.0;1.0;0.75;0.75;0.0;0.0;0.8;0.0;0.2;1;0
5.0;0.0;0.0;0.0;1.0;0.0;1.0;1.0;0.6;0.0;1.0;0.6666666666666666;1.0;1.0;0.0;0.6;0.0;0.4;0;1
2.0;0.0;0.0;0.0;1.0;0.0;1.0;1.0;1.0;0.0;1.0;0.5;1.5;0.0;0.0;0.0;0.0;0.0;1;0
2.0;0.0;0.0;0.0;1.0;0.0;1.0;1.0;1.0;0.0;1.0;0.5;1.5;1.0;0.0;0.0;0.0;0.0;1;0
