Family;Qsize_R1;Qsize_R2;Cur_Charge_comparable_R1;Cur_Charge_comparable_R2;Exp_Charge__R1;Exp_Charge__R2;Exp_ChargeRates_R1;Exp_ChargeRates_R2;Exp_Charge__comparable_R1;Exp_Charge__comparable_R2;Eff_Gross_R1;Eff_Gross_R2;predFamilies_R1;predFamilies_R2;Cell%__c1;Cell%__c2;Cell%__c3;Selected Resource_0.0;Selected Resource_1.0
4.0;0.0;0.0;0.0;1.0;0.0;1.0;1.0;1.0;0.0;1.0;0.8;0.8;0.0;0.0;0.0;0.0;0.0;0;1
4.0;0.0;1.0;0.0;1.0;0.0;1.0;0.5714285714285714;1.0;0.0;1.0;1.3333333333333333;0.6666666666666666;0.0;1.0;1.0;0.0;0.0;0;1
2.0;0.0;2.0;0.0;1.0;0.0;1.0;0.4444444444444444;1.0;0.0;1.0;0.8;0.8;0.0;0.0;1.0;0.0;0.0;1;0
3.0;0.0;0.0;0.0;1.0;0.0;1.0;1.0;1.0;0.0;1.0;0.8333333333333334;0.8333333333333334;0.0;0.0;0.0;0.3333333333333333;0.6666666666666666;1;0
1.0;0.0;0.0;0.0;1.0;0.0;1.0;1.0;0.75;0.0;1.0;0.8571428571428571;0.8571428571428571;0.0;0.0;0.5;0.0;0.5;0;1
4.0;0.0;0.0;0.0;1.0;0.0;1.0;1.0;1.0;0.0;1.0;0.8;0.8;0.0;0.0;0.0;0.0;0.0;1;0
2.0;0.0;0.0;0.0;1.0;0.0;1.0;1.0;1.0;0.0;1.0;0.8;0.8;0.0;0.0;0.0;0.0;0.0;0;1
5.0;0.0;0.0;0.0;1.0;0.0;1.0;0.6666666666666666;1.0;0.0;1.0;0.6666666666666666;0.6666666666666666;0.0;0.0;1.0;0.0;0.0;0;1
4.0;0.0;0.0;0.0;1.0;0.0;1.0;1.0;1.0;0.0;1.0;0.6666666666666666;1.3333333333333333;1.0;0.0;0.0;0.0;1.0;1;0
2.0;0.0;0.0;0.0;1.0;0.0;1.0;1.0;1.0;0.0;1.0;0.8;0.8;0.0;0.0;0.0;0.0;1.0;0;1
5.0;0.0;0.0;0.0;1.0;0.0;1.0;0.6666666666666666;1.0;0.0;1.0;0.6666666666666666;0.6666666666666666;0.0;0.0;1.0;0.0;0.0;1;0
3.0;0.0;0.0;0.0;1.0;0.0;1.0;1.0;1.0;0.0;1.0;0.8333333333333334;0.8333333333333334;0.0;0.0;0.0;1.0;0.0;1;0
2.0;0.0;0.0;0.0;1.0;0.0;1.0;1.0;0.5;0.0;1.0;1.0;0.75;0.0;1.0;1.0;0.0;0.0;0;1
3.0;0.0;0.0;0.0;1.0;0.0;1.0;0.8;0.8571428571428571;0.0;1.0;0.75;1.25;1.0;0.0;1.0;0.0;0.0;1;0
2.0;0.0;0.0;0.0;1.0;0.0;1.0;1.0;1.0;0.0;1.0;1.0;0.75;0.0;1.0;0.0;0.0;0.0;0;1
4.0;0.0;0.0;0.0;1.0;0.0;1.0;1.0;1.0;0.0;1.0;0.8;0.8;0.0;0.0;0.0;0.0;0.0;0;1
4.0;0.0;1.0;0.0;1.0;0.0;1.0;0.5714285714285714;1.0;0.0;1.0;1.3333333333333333;0.6666666666666666;0.0;1.0;1.0;0.0;0.0;1;0
1.0;0.0;0.0;0.0;1.0;0.0;1.0;0.8888888888888888;0.7777777777777778;0.0;1.0;0.8571428571428571;0.8571428571428571;0.0;0.0;1.0;0.0;0.0;1;0
5.0;1.0;0.0;0.0;1.0;0.0;1.0;1.0;0.2222222222222222;0.0;1.0;0.6666666666666666;0.6666666666666666;0.0;0.0;1.0;0.0;0.0;0;1
2.0;1.0;1.0;0.0;1.0;0.0;1.0;0.7857142857142857;0.5;0.0;1.0;0.8;0.8;0.0;0.0;1.0;0.0;0.0;0;1
1.0;0.0;0.0;0.0;1.0;0.0;1.0;0.7272727272727273;0.6923076923076923;0.0;1.0;0.8;1.2;1.0;0.0;0.7;0.0;0.3;0;1
3.0;0.0;1.0;0.0;1.0;0.0;1.0;0.5333333333333333;0.8;0.0;1.0;0.8333333333333334;0.8333333333333334;0.0;0.0;0.7142857142857143;0.0;0.2857142857142857;1;0
1.0;0.0;0.0;0.0;1.0;0.0;1.0;0.75;0.7;0.0;1.0;1.2;0.8;0.0;1.0;0.8571428571428571;0.0;0.1428571428571428;0;1
3.0;0.0;1.0;0.0;1.0;0.0;1.0;0.4545454545454545;0.8461538461538461;0.0;1.0;0.75;1.25;1.0;0.0;1.0;0.0;0.0;1;0
1.0;0.0;0.0;0.0;1.0;0.0;1.0;1.0;1.0;0.0;1.0;1.2;0.8;0.0;1.0;0.0;0.0;0.0;0;1
3.0;0.0;0.0;0.0;1.0;0.0;1.0;0.6;1.0;0.0;1.0;0.75;1.25;1.0;0.0;0.5;0.0;0.5;1;0
4.0;0.0;0.0;0.0;1.0;0.0;1.0;1.0;0.8;0.0;1.0;0.8;0.8;0.0;0.0;1.0;0.0;0.0;1;0
4.0;1.0;0.0;0.0;1.0;0.0;1.0;1.0;0.4444444444444444;0.0;1.0;0.6666666666666666;1.3333333333333333;1.0;0.0;1.0;0.0;0.0;1;0
4.0;2.0;0.0;0.0;1.0;0.0;1.0;1.0;0.4;0.0;1.0;0.6666666666666666;1.3333333333333333;1.0;0.0;1.0;0.0;0.0;1;0
1.0;3.0;0.0;0.0;1.0;0.0;1.0;1.0;0.3636363636363636;0.0;1.0;1.2;0.8;0.0;1.0;0.875;0.0;0.125;0;1
1.0;2.0;0.0;0.0;1.0;0.0;1.0;0.8461538461538461;0.5454545454545454;0.0;1.0;1.2;0.8;0.0;1.0;1.0;0.0;0.0;0;1
1.0;1.0;1.0;0.0;1.0;0.0;1.0;0.6666666666666666;0.6923076923076923;0.0;1.0;1.2;0.8;0.0;1.0;1.0;0.0;0.0;0;1
2.0;1.0;1.0;0.0;1.0;0.0;1.0;0.4666666666666667;0.8;0.0;1.0;0.8;0.8;0.0;0.0;1.0;0.0;0.0;1;0
1.0;1.0;1.0;0.0;1.0;0.0;1.0;0.65;0.6111111111111112;0.0;1.0;1.2;0.8;0.0;1.0;0.875;0.0;0.125;0;1
3.0;0.0;1.0;0.0;1.0;0.0;1.0;0.5;0.8571428571428571;0.0;1.0;0.8333333333333334;0.8333333333333334;0.0;0.0;0.8181818181818182;0.0;0.1818181818181818;1;0
5.0;1.0;1.0;0.0;1.0;0.0;1.0;0.5333333333333333;0.6;0.0;1.0;0.6666666666666666;0.6666666666666666;0.0;0.0;0.8666666666666667;0.0;0.1333333333333333;1;0
1.0;2.0;1.0;0.0;1.0;0.0;1.0;0.7222222222222222;0.5625;0.0;1.0;1.2;0.8;0.0;1.0;1.0;0.0;0.0;0;1
5.0;0.0;0.0;0.0;1.0;0.0;1.0;0.4;0.8333333333333334;0.0;1.0;0.5;1.0;1.0;0.0;0.8;0.2;0.0;1;0
5.0;0.0;0.0;0.0;1.0;0.0;1.0;0.5;1.0;0.0;1.0;0.5;1.0;1.0;0.0;0.5;0.0;0.5;1;0
5.0;0.0;0.0;0.0;1.0;0.0;1.0;1.0;1.0;0.0;1.0;0.5;1.0;1.0;0.0;0.0;0.25;0.75;1;0
3.0;0.0;0.0;0.0;1.0;0.0;1.0;1.0;1.0;0.0;1.0;0.8333333333333334;0.8333333333333334;0.0;0.0;0.0;0.0;1.0;0;1
5.0;0.0;1.0;0.0;1.0;0.0;1.0;0.2;1.0;0.0;1.0;0.5;1.0;1.0;0.0;0.5714285714285714;0.0;0.4285714285714285;1;0
2.0;0.0;0.0;0.0;1.0;0.0;1.0;0.8;1.0;0.0;1.0;0.8;0.8;0.0;0.0;1.0;0.0;0.0;1;0
3.0;0.0;0.0;0.0;1.0;0.0;1.0;1.0;0.75;0.0;1.0;1.25;0.75;0.0;1.0;0.5;0.0;0.5;0;1
5.0;0.0;0.0;0.0;1.0;0.0;1.0;0.5;1.0;0.0;1.0;0.6666666666666666;0.6666666666666666;0.0;0.0;1.0;0.0;0.0;1;0
3.0;1.0;0.0;0.0;1.0;0.0;1.0;0.7777777777777778;0.7142857142857143;0.0;1.0;1.25;0.75;0.0;1.0;1.0;0.0;0.0;0;1
2.0;0.0;0.0;0.0;1.0;0.0;1.0;0.8;1.0;0.0;1.0;0.8;0.8;0.0;0.0;0.5;0.0;0.5;1;0
2.0;1.0;0.0;0.0;1.0;0.0;1.0;0.875;0.5555555555555556;0.0;1.0;0.75;1.0;1.0;0.0;0.8333333333333334;0.0;0.1666666666666666;1;0
1.0;1.0;0.0;0.0;1.0;0.0;1.0;1.0;0.5454545454545454;0.0;1.0;0.8571428571428571;0.8571428571428571;0.0;0.0;0.8333333333333334;0.0;0.1666666666666666;1;0
5.0;2.0;0.0;0.0;1.0;0.0;1.0;1.0;0.1666666666666666;0.0;1.0;0.6666666666666666;0.6666666666666666;0.0;0.0;0.9090909090909092;0.0;0.0909090909090909;0;1
4.0;1.0;0.0;0.0;1.0;0.0;1.0;1.0;0.3333333333333333;0.0;1.0;0.8;0.8;0.0;0.0;1.0;0.0;0.0;0;1
