Family;Qsize_R1;Qsize_R2;Cur_Charge_comparable_R1;Cur_Charge_comparable_R2;Exp_Charge__R1;Exp_Charge__R2;Exp_ChargeRates_R1;Exp_ChargeRates_R2;Exp_Charge__comparable_R1;Exp_Charge__comparable_R2;Eff_Gross_R1;Eff_Gross_R2;predFamilies_R1;predFamilies_R2;Cell%__c1;Cell%__c2;Cell%__c3;Cell%__c4;Cell%__c5;Selected Resource
2.0;0.0;0.0;1.0;1.0;15.0;15.0;1.0;1.0;1.0;1.0;0.9375;0.9375;0.0;0.0;0.0;0.0;0.0;0.0;0.0;1.0
2.0;0.0;1.0;0.0;1.0;15.0;18.0;0.5357142857142857;1.0;1.0;1.2;2.5;0.8333333333333334;0.0;1.0;1.0;0.0;0.0;0.0;0.0;0.0
2.0;1.0;1.0;1.0;0.8571428571428571;19.0;17.0;0.6129032258064516;0.5483870967741935;1.1176470588235294;1.0;0.8333333333333334;0.8333333333333334;1.0;1.0;1.0;0.0;0.0;0.0;0.0;0.0
2.0;2.0;1.0;1.0;0.631578947368421;24.0;17.0;0.6666666666666666;0.4722222222222222;1.411764705882353;1.0;0.8333333333333334;0.8333333333333334;1.0;1.0;1.0;0.0;0.0;0.0;0.0;0.0
4.0;3.0;1.0;1.0;0.4782608695652174;38.0;26.0;0.7755102040816326;0.5306122448979592;1.4615384615384615;1.0;0.9375;0.9375;0.0;0.0;1.0;0.0;0.0;0.0;0.0;1.0
2.0;3.0;2.0;0.875;1.0;26.0;39.0;0.52;0.65;1.0;1.5;0.8333333333333334;2.5;1.0;0.0;1.0;0.0;0.0;0.0;0.0;0.0
2.0;4.0;2.0;1.0;0.9166666666666666;29.0;37.0;0.5686274509803921;0.6065573770491803;1.0;1.2758620689655173;0.8333333333333334;2.5;1.0;0.0;1.0;0.0;0.0;0.0;0.0;0.0
3.0;4.0;1.0;1.0;0.72;40.0;33.0;0.6896551724137931;0.5689655172413793;1.2121212121212122;1.0;0.9375;0.9375;0.0;0.0;1.0;0.0;0.0;0.0;0.0;1.0
4.0;4.0;2.0;0.7419354838709677;1.0;38.0;46.0;0.5507246376811594;0.6666666666666666;1.0;1.2105263157894737;0.9375;0.9375;0.0;0.0;1.0;0.0;0.0;0.0;0.0;1.0
4.0;4.0;3.0;0.5;1.0;38.0;51.0;0.4523809523809524;0.6891891891891891;1.0;1.3421052631578947;2.5;0.8333333333333334;0.0;1.0;1.0;0.0;0.0;0.0;0.0;1.0
2.0;4.0;4.0;0.45098039215686275;1.0;28.0;66.0;0.35443037974683544;0.7415730337078652;1.0;2.357142857142857;0.8333333333333334;2.5;1.0;0.0;1.0;0.0;0.0;0.0;0.0;0.0
1.0;5.0;4.0;0.5490196078431373;1.0;43.0;66.0;0.4574468085106383;0.7021276595744681;1.0;1.5348837209302326;0.9375;0.9375;0.0;0.0;1.0;0.0;0.0;0.0;0.0;1.0
2.0;5.0;5.0;0.4153846153846154;1.0;32.0;80.0;0.32989690721649484;0.7476635514018691;1.0;2.5;0.8333333333333334;2.5;1.0;0.0;1.0;0.0;0.0;0.0;0.0;0.0
1.0;5.0;5.0;0.47619047619047616;1.0;45.0;68.0;0.4166666666666667;0.6938775510204082;1.0;1.511111111111111;2.5;0.8333333333333334;0.0;1.0;0.8532110091743119;0.14678899082568808;0.0;0.0;0.0;1.0
1.0;5.0;6.0;0.4411764705882353;1.0;45.0;73.0;0.39823008849557523;0.7087378640776699;1.0;1.6222222222222222;2.5;0.8333333333333334;0.0;1.0;0.8596491228070176;0.14035087719298245;0.0;0.0;0.0;1.0
4.0;5.0;7.0;0.4027777777777778;1.0;44.0;87.0;0.3793103448275862;0.75;1.0;1.9772727272727273;0.9375;0.9375;0.0;0.0;0.7769230769230769;0.2230769230769231;0.0;0.0;0.0;0.0
1.0;6.0;7.0;0.6111111111111112;1.0;59.0;77.0;0.45038167938931295;0.6363636363636364;1.0;1.305084745762712;2.5;0.8333333333333334;0.0;1.0;0.8;0.2;0.0;0.0;0.0;1.0
1.0;6.0;8.0;0.56;1.0;57.0;80.0;0.4318181818181818;0.6557377049180327;1.0;1.4035087719298245;2.5;0.8333333333333334;0.0;1.0;0.823943661971831;0.176056338028169;0.0;0.0;0.0;1.0
3.0;6.0;9.0;0.525;1.0;57.0;95.0;0.41605839416058393;0.6934306569343066;1.0;1.6666666666666667;0.9375;0.9375;0.0;0.0;0.8299319727891157;0.17006802721088435;0.0;0.0;0.0;1.0
4.0;6.0;10.0;0.43617021276595747;1.0;46.0;109.0;0.32857142857142857;0.7266666666666667;1.0;2.369565217391304;0.8333333333333334;2.5;1.0;0.0;0.8544303797468354;0.14556962025316456;0.0;0.0;0.0;0.0
5.0;7.0;10.0;0.48936170212765956;1.0;61.0;109.0;0.3935483870967742;0.7032258064516129;1.0;1.7868852459016393;0.9375;0.9375;0.0;0.0;0.8588957055214724;0.1411042944785276;0.0;0.0;0.0;0.0
3.0;7.0;10.0;0.6451612903225806;1.0;75.0;98.0;0.44642857142857145;0.620253164556962;1.0;1.3066666666666666;2.5;0.8333333333333334;0.0;1.0;0.8793103448275862;0.1206896551724138;0.0;0.0;0.0;1.0
2.0;7.0;11.0;0.6082474226804123;1.0;74.0;112.0;0.4327485380116959;0.6549707602339181;1.0;1.5135135135135136;0.9375;0.9375;0.0;0.0;0.8;0.2;0.0;0.0;0.0;0.0
1.0;8.0;11.0;0.7628865979381443;1.0;89.0;112.0;0.478494623655914;0.6021505376344086;1.0;1.2584269662921348;0.9375;0.9375;0.0;0.0;0.8142857142857143;0.18571428571428572;0.0;0.0;0.0;0.0
3.0;9.0;11.0;0.9166666666666666;1.0;103.0;101.0;0.5175879396984925;0.5343915343915344;1.0198019801980198;1.0;2.5;0.8333333333333334;0.0;1.0;0.8363636363636363;0.16363636363636364;0.0;0.0;0.0;1.0
4.0;9.0;12.0;0.8712871287128713;1.0;103.0;116.0;0.5049019607843137;0.5686274509803921;1.0;1.1262135922330097;0.9375;0.9375;0.0;0.0;0.84;0.16;0.0;0.0;0.0;0.0
2.0;10.0;11.0;1.0;0.9803921568627451;117.0;115.0;0.5391705069124424;0.5299539170506913;1.017391304347826;1.0;0.9375;0.9375;0.0;0.0;0.8595744680851064;0.14042553191489363;0.0;0.0;0.0;0.0
3.0;10.0;11.0;1.0;0.8495575221238938;128.0;101.0;0.5714285714285714;0.4719626168224299;1.2673267326732673;1.0;2.5;0.8333333333333334;0.0;1.0;0.8636363636363636;0.13636363636363635;0.0;0.0;0.0;1.0
3.0;10.0;12.0;1.0;0.8928571428571429;127.0;105.0;0.5594713656387665;0.4838709677419355;1.2095238095238094;1.0;2.5;0.8333333333333334;0.0;1.0;0.8760330578512396;0.12396694214876033;0.0;0.0;0.0;1.0
3.0;10.0;13.0;1.0;0.9375;127.0;110.0;0.5474137931034483;0.4954954954954955;1.1545454545454545;1.0;2.5;0.8333333333333334;0.0;1.0;0.8785425101214575;0.1214574898785425;0.0;0.0;0.0;1.0
3.0;10.0;14.0;1.0;0.9821428571428571;127.0;115.0;0.5358649789029536;0.5066079295154186;1.1043478260869566;1.0;2.5;0.8333333333333334;0.0;1.0;0.8809523809523809;0.11904761904761904;0.0;0.0;0.0;1.0
1.0;9.0;15.0;0.9732142857142857;1.0;124.0;127.0;0.5254237288135594;0.538135593220339;1.0;1.0241935483870968;0.9375;0.9375;0.0;0.0;0.778169014084507;0.17253521126760563;0.04929577464788732;0.0;0.0;0.0
3.0;10.0;15.0;1.0;0.9032258064516129;139.0;117.0;0.5537848605577689;0.4854771784232365;1.188034188034188;1.0;2.5;0.8333333333333334;0.0;1.0;0.7892976588628763;0.16387959866220736;0.046822742474916385;0.0;0.0;1.0
1.0;10.0;16.0;1.0;0.943089430894309;128.0;131.0;0.5245901639344263;0.515748031496063;1.0;1.0234375;0.8333333333333334;2.5;1.0;0.0;0.7684887459807074;0.14790996784565916;0.08360128617363344;0.0;0.0;0.0
1.0;11.0;16.0;1.0;0.9047619047619048;131.0;129.0;0.5346938775510204;0.5058823529411764;1.0155038759689923;1.0;0.8333333333333334;2.5;1.0;0.0;0.7947019867549668;0.13245033112582782;0.0728476821192053;0.0;0.0;0.0
2.0;11.0;16.0;1.0;0.8682170542635659;144.0;127.0;0.5625;0.49609375;1.1338582677165354;1.0;0.9375;0.9375;0.0;0.0;0.7850162866449512;0.1563517915309446;0.05863192182410423;0.0;0.0;0.0
3.0;11.0;15.0;1.0;0.7697841726618705;154.0;112.0;0.5900383141762452;0.44621513944223107;1.375;1.0;2.5;0.8333333333333334;0.0;1.0;0.8145695364238411;0.1423841059602649;0.04304635761589404;0.0;0.0;1.0
3.0;11.0;16.0;1.0;0.8043478260869565;153.0;116.0;0.5795454545454546;0.4566929133858268;1.3189655172413792;1.0;2.5;0.8333333333333334;0.0;1.0;0.819078947368421;0.13157894736842105;0.049342105263157895;0.0;0.0;1.0
1.0;11.0;17.0;1.0;0.8405797101449275;153.0;131.0;0.5687732342007435;0.48698884758364314;1.16793893129771;1.0;0.9375;0.9375;0.0;0.0;0.8220064724919094;0.12944983818770225;0.04854368932038835;0.0;0.0;1.0
5.0;11.0;18.0;1.0;0.9492753623188406;153.0;146.0;0.5387323943661971;0.5140845070422535;1.047945205479452;1.0;0.9375;0.9375;0.0;0.0;0.8302469135802469;0.12345679012345678;0.046296296296296294;0.0;0.0;1.0
2.0;11.0;19.0;0.9452054794520548;1.0;143.0;161.0;0.49480968858131485;0.5384615384615384;1.0;1.1258741258741258;0.8333333333333334;2.5;1.0;0.0;0.8377581120943953;0.11799410029498525;0.04424778761061947;0.0;0.0;0.0
2.0;12.0;19.0;0.9793103448275862;1.0;147.0;160.0;0.5034246575342466;0.5298013245033113;1.0;1.08843537414966;0.8333333333333334;2.5;1.0;0.0;0.8516320474777448;0.10979228486646884;0.03857566765578635;0.0;0.0;0.0
4.0;13.0;19.0;1.0;0.9863945578231292;162.0;160.0;0.5276872964169381;0.5211726384364821;1.0125;1.0;0.9375;0.9375;0.0;0.0;0.8538011695906432;0.10818713450292397;0.038011695906432746;0.0;0.0;0.0
1.0;14.0;19.0;1.0;0.8944099378881988;176.0;159.0;0.55;0.496875;1.1069182389937107;1.0;0.9375;0.9375;0.0;0.0;0.7901554404145078;0.14248704663212436;0.06735751295336788;0.0;0.0;0.0
5.0;15.0;19.0;1.0;0.8171428571428572;190.0;148.0;0.5705705705705706;0.4582043343653251;1.2837837837837838;1.0;2.5;0.8333333333333334;0.0;1.0;0.8091603053435115;0.13231552162849872;0.058524173027989825;0.0;0.0;1.0
2.0;15.0;20.0;1.0;0.8457142857142858;190.0;163.0;0.5621301775147929;0.4822485207100592;1.165644171779141;1.0;0.9375;0.9375;0.0;0.0;0.8115577889447236;0.1306532663316583;0.05778894472361809;0.0;0.0;0.0
5.0;16.0;20.0;1.0;0.7754010695187166;202.0;150.0;0.5821325648414986;0.44510385756676557;1.3466666666666667;1.0;2.5;0.8333333333333334;0.0;1.0;0.827930174563591;0.13216957605985039;0.034912718204488775;0.004987531172069825;0.0;1.0
3.0;16.0;21.0;1.0;0.8010752688172043;201.0;164.0;0.5742857142857143;0.4685714285714286;1.225609756097561;1.0;0.9375;0.9375;0.0;0.0;0.8459595959595959;0.12626262626262627;0.027777777777777776;0.0;0.0;1.0
1.0;16.0;22.0;1.0;0.8817204301075269;201.0;179.0;0.5506849315068493;0.4904109589041096;1.1229050279329609;1.0;0.9375;0.9375;0.0;0.0;0.851581508515815;0.12165450121654502;0.0267639902676399;0.0;0.0;1.0
5.0;16.0;23.0;1.0;0.9621621621621622;200.0;193.0;0.5291005291005291;0.5105820105820106;1.0362694300518134;1.0;0.9375;0.9375;0.0;0.0;0.825;0.10681818181818181;0.020454545454545454;0.006818181818181818;0.04090909090909091;0.0
2.0;17.0;23.0;1.0;0.89;215.0;193.0;0.5470737913486005;0.4910941475826972;1.1139896373056994;1.0;0.9375;0.9375;0.0;0.0;0.8307692307692308;0.10329670329670329;0.01978021978021978;0.006593406593406593;0.03956043956043956;0.0
2.0;18.0;23.0;1.0;0.827906976744186;220.0;193.0;0.5527638190954773;0.4730392156862745;1.1398963730569949;1.0;0.8333333333333334;2.5;1.0;0.0;0.8361702127659575;0.1;0.019148936170212766;0.006382978723404255;0.03829787234042553;0.0
3.0;19.0;23.0;1.0;0.8073394495412844;233.0;191.0;0.5696821515892421;0.4669926650366748;1.219895287958115;1.0;0.9375;0.9375;0.0;0.0;0.8546637744034707;0.08893709327548807;0.019522776572668113;0.006507592190889371;0.03036876355748373;0.0
1.0;20.0;22.0;1.0;0.7543103448275862;247.0;180.0;0.5853080568720379;0.4368932038834951;1.3722222222222222;1.0;2.5;0.8333333333333334;0.0;1.0;0.875268817204301;0.08172043010752689;0.015053763440860216;0.002150537634408602;0.025806451612903226;1.0
2.0;19.0;23.0;1.0;0.7739130434782608;245.0;193.0;0.5791962174940898;0.4562647754137116;1.2694300518134716;1.0;0.9375;0.9375;0.0;0.0;0.8774193548387097;0.06881720430107527;0.008602150537634409;0.0064516129032258064;0.03870967741935484;1.0
5.0;19.0;24.0;1.0;0.8377192982456141;243.0;206.0;0.5599078341013825;0.47465437788018433;1.1796116504854368;1.0;0.9375;0.9375;0.0;0.0;0.9030172413793104;0.05603448275862069;0.008620689655172414;0.0021551724137931034;0.03017241379310345;0.0
3.0;20.0;23.0;1.0;0.7851239669421488;257.0;205.0;0.5749440715883669;0.45861297539149887;1.2536585365853659;1.0;0.9375;0.9375;0.0;0.0;0.9211087420042644;0.04904051172707889;0.0042643923240938165;0.0;0.0255863539445629;0.0
2.0;21.0;23.0;1.0;0.73828125;271.0;194.0;0.5891304347826087;0.4311111111111111;1.3969072164948453;1.0;2.5;0.8333333333333334;0.0;1.0;0.9008097165991903;0.0708502024291498;0.0;0.0;0.02834008097165992;1.0
1.0;21.0;24.0;1.0;0.7578125;271.0;209.0;0.5827956989247312;0.44946236559139785;1.2966507177033493;1.0;0.9375;0.9375;0.0;0.0;0.9018036072144289;0.07014028056112225;0.0;0.0;0.028056112224448898;0.0
5.0;22.0;24.0;1.0;0.7158671586715867;286.0;209.0;0.5958333333333333;0.4354166666666667;1.368421052631579;1.0;0.9375;0.9375;0.0;0.0;0.9046692607003891;0.06809338521400778;0.0;0.0;0.027237354085603113;0.0
2.0;23.0;24.0;1.0;0.6783216783216783;301.0;199.0;0.6080808080808081;0.41030927835051545;1.5125628140703518;1.0;2.5;0.8333333333333334;0.0;1.0;0.9073724007561437;0.0661625708884688;0.0;0.0;0.026465028355387523;1.0
5.0;22.0;25.0;1.0;0.6947368421052632;290.0;213.0;0.5942622950819673;0.42771084337349397;1.3615023474178405;1.0;0.8333333333333334;2.5;1.0;0.0;0.9061913696060038;0.0600375234521576;0.0;0.01125703564727955;0.0225140712945591;0.0
1.0;23.0;25.0;1.0;0.6816608996539792;304.0;212.0;0.6067864271457086;0.4231536926147705;1.4339622641509433;1.0;0.9375;0.9375;0.0;0.0;0.8950276243093923;0.0718232044198895;0.007366482504604052;0.007366482504604052;0.01841620626151013;0.0
4.0;24.0;25.0;1.0;0.6468646864686468;318.0;211.0;0.6186770428015564;0.41050583657587547;1.5071090047393365;1.0;0.9375;0.9375;0.0;0.0;0.8879003558718861;0.06583629893238434;0.028469750889679714;0.0035587188612099642;0.014234875444839857;0.0
2.0;25.0;25.0;1.0;0.6151419558359621;332.0;200.0;0.6299810246679317;0.38684719535783363;1.66;1.0;2.5;0.8333333333333334;0.0;1.0;0.9029982363315696;0.06172839506172839;0.024691358024691357;0.0;0.010582010582010581;1.0
1.0;25.0;26.0;1.0;0.629746835443038;331.0;214.0;0.6245283018867924;0.4037735849056604;1.5467289719626167;1.0;0.9375;0.9375;0.0;0.0;0.8803418803418803;0.07521367521367521;0.020512820512820513;0.0;0.023931623931623933;0.0
5.0;26.0;26.0;1.0;0.6;345.0;213.0;0.6353591160220995;0.39226519337016574;1.619718309859155;1.0;0.9375;0.9375;0.0;0.0;0.8934010152284264;0.06937394247038917;0.01692047377326565;0.0;0.02030456852791878;0.0
1.0;27.0;26.0;1.0;0.5739130434782609;360.0;213.0;0.6451612903225806;0.3817204301075269;1.6901408450704225;1.0;0.9375;0.9375;0.0;0.0;0.8960396039603961;0.06765676567656766;0.0165016501650165;0.0;0.019801980198019802;0.0
2.0;28.0;26.0;1.0;0.5487465181058496;374.0;202.0;0.6549912434325744;0.3600713012477718;1.8514851485148516;1.0;2.5;0.8333333333333334;0.0;1.0;0.8853503184713376;0.07961783439490445;0.014331210191082803;0.004777070063694267;0.01592356687898089;1.0
4.0;28.0;27.0;1.0;0.5626740947075209;374.0;217.0;0.6493055555555556;0.3767361111111111;1.7235023041474655;1.0;0.9375;0.9375;0.0;0.0;0.8862559241706162;0.07898894154818326;0.014218009478672985;0.004739336492890996;0.01579778830963665;0.0
4.0;29.0;27.0;1.0;0.5401069518716578;379.0;217.0;0.6523235800344234;0.36717428087986465;1.7465437788018434;1.0;0.8333333333333334;2.5;1.0;0.0;0.8888888888888888;0.07716049382716049;0.013888888888888888;0.004629629629629629;0.015432098765432098;0.0
3.0;30.0;27.0;1.0;0.5305039787798409;392.0;215.0;0.6621621621621622;0.36317567567567566;1.8232558139534885;1.0;0.9375;0.9375;0.0;0.0;0.9086614173228347;0.06929133858267716;0.011023622047244094;0.0015748031496062992;0.009448818897637795;0.0
2.0;31.0;27.0;1.0;0.5102040816326531;407.0;205.0;0.6705107084019769;0.34338358458961477;1.9853658536585366;1.0;2.5;0.8333333333333334;0.0;1.0;0.9107692307692308;0.06769230769230769;0.010769230769230769;0.0015384615384615385;0.009230769230769232;1.0
4.0;31.0;28.0;1.0;0.5217391304347826;406.0;219.0;0.6655737704918033;0.3590163934426229;1.8538812785388128;1.0;0.9375;0.9375;0.0;0.0;0.9210526315789473;0.06346749226006192;0.009287925696594427;0.0;0.006191950464396285;0.0
3.0;32.0;28.0;1.0;0.5012345679012346;420.0;218.0;0.6741573033707865;0.34991974317817015;1.926605504587156;1.0;0.9375;0.9375;0.0;0.0;0.9254185692541856;0.0578386605783866;0.0076103500761035;0.0;0.0091324200913242;1.0
3.0;32.0;29.0;1.0;0.5371287128712872;419.0;222.0;0.6588050314465409;0.3546325878594249;1.8873873873873874;1.0;2.5;0.8333333333333334;0.0;1.0;0.9352409638554217;0.05271084337349398;0.006024096385542169;0.0;0.006024096385542169;1.0
3.0;32.0;30.0;1.0;0.5483870967741935;418.0;226.0;0.6541471048513302;0.35930047694753575;1.8495575221238938;1.0;2.5;0.8333333333333334;0.0;1.0;0.9425981873111783;0.04833836858006042;0.004531722054380665;0.0;0.004531722054380665;1.0
4.0;32.0;31.0;1.0;0.5607940446650124;408.0;241.0;0.6435331230283912;0.37422360248447206;1.6929460580912863;1.0;0.8333333333333334;2.5;1.0;0.0;0.9430284857571214;0.047976011994003;0.004497751124437781;0.0;0.004497751124437781;0.0
5.0;33.0;30.0;1.0;0.5528255528255528;422.0;240.0;0.652241112828439;0.37094281298299847;1.7583333333333333;1.0;0.9375;0.9375;0.0;0.0;0.9503759398496241;0.04360902255639098;0.0030075187969924814;0.0;0.0030075187969924814;1.0
1.0;32.0;31.0;1.0;0.5866336633663366;419.0;252.0;0.6387195121951219;0.38414634146341464;1.6626984126984128;1.0;0.9375;0.9375;0.0;0.0;0.9552906110283159;0.029806259314456036;0.010432190760059613;0.004470938897168405;0.0;0.0
5.0;33.0;31.0;1.0;0.5656324582338902;434.0;242.0;0.646795827123696;0.3661119515885023;1.7933884297520661;1.0;2.5;0.8333333333333334;0.0;1.0;0.956268221574344;0.029154518950437316;0.01020408163265306;0.004373177842565598;0.0;1.0
2.0;33.0;32.0;1.0;0.5775656324582339;434.0;257.0;0.6420118343195266;0.3801775147928994;1.688715953307393;1.0;0.9375;0.9375;0.0;0.0;0.9565846599131693;0.02894356005788712;0.010130246020260492;0.004341534008683068;0.0;0.0
2.0;34.0;32.0;1.0;0.5576036866359447;439.0;257.0;0.644640234948605;0.3719247467438495;1.7081712062256809;1.0;0.8333333333333334;2.5;1.0;0.0;0.9575070821529745;0.028328611898016998;0.009915014164305949;0.00424929178470255;0.0;0.0
5.0;35.0;31.0;1.0;0.5491990846681922;452.0;245.0;0.653179190751445;0.3592375366568915;1.8448979591836734;1.0;2.5;0.8333333333333334;0.0;1.0;0.9508426966292135;0.02247191011235955;0.025280898876404494;0.0014044943820224719;0.0;1.0
2.0;35.0;32.0;1.0;0.5596330275229358;441.0;259.0;0.6437956204379562;0.3726618705035971;1.7027027027027026;1.0;0.8333333333333334;2.5;1.0;0.0;0.9315068493150684;0.04657534246575343;0.021917808219178082;0.0;0.0;1.0
2.0;35.0;33.0;1.0;0.593103448275862;440.0;263.0;0.6303724928366762;0.37679083094555876;1.673003802281369;1.0;0.8333333333333334;0.8333333333333334;1.0;1.0;0.924;0.04133333333333333;0.018666666666666668;0.004;0.012;1.0
1.0;35.0;34.0;1.0;0.6027713625866051;448.0;276.0;0.6318758815232722;0.38928067700987307;1.6231884057971016;1.0;0.9375;0.9375;0.0;0.0;0.9228723404255319;0.05319148936170213;0.013297872340425532;0.0013297872340425532;0.009308510638297872;1.0
1.0;35.0;34.0;1.0;0.6348837209302326;445.0;278.0;0.6197771587743732;0.3926553672316384;1.6007194244604317;1.0;2.5;0.8333333333333334;0.0;1.0;0.9153645833333334;0.05859375;0.0078125;0.0026041666666666665;0.015625;1.0
5.0;35.0;35.0;1.0;0.6465116279069767;445.0;293.0;0.6154910096818811;0.40525587828492393;1.5187713310580204;1.0;0.9375;0.9375;0.0;0.0;0.9159120310478654;0.05821474773609314;0.007761966364812419;0.00258732212160414;0.015523932729624839;0.0
2.0;36.0;35.0;1.0;0.6238738738738738;459.0;292.0;0.623641304347826;0.3967391304347826;1.571917808219178;1.0;0.9375;0.9375;0.0;0.0;0.921994884910486;0.05370843989769821;0.010230179028132993;0.0012787723785166241;0.01278772378516624;1.0
2.0;36.0;36.0;1.0;0.6568848758465011;458.0;296.0;0.6114819759679573;0.40054127198917455;1.5472972972972974;1.0;2.5;0.8333333333333334;0.0;1.0;0.9326556543837357;0.04955527318932656;0.007623888182973317;0.0;0.010165184243964422;1.0
1.0;36.0;37.0;1.0;0.6681715575620768;458.0;311.0;0.6074270557029178;0.4124668435013263;1.472668810289389;1.0;0.9375;0.9375;0.0;0.0;0.9330808080808081;0.04924242424242424;0.007575757575757576;0.0;0.010101010101010102;1.0
5.0;36.0;38.0;1.0;0.7020316027088036;448.0;326.0;0.5902503293807642;0.42392717815344605;1.3742331288343559;1.0;0.8333333333333334;2.5;1.0;0.0;0.9343246592317225;0.048327137546468404;0.007434944237918215;0.0;0.009913258983890954;0.0
4.0;37.0;37.0;1.0;0.6935123042505593;462.0;325.0;0.5984455958549223;0.4209844559585492;1.4215384615384616;1.0;0.9375;0.9375;0.0;0.0;0.9322660098522167;0.04556650246305419;0.009852216748768473;0.0;0.012315270935960592;1.0
1.0;37.0;38.0;1.0;0.726457399103139;461.0;339.0;0.5872611464968153;0.4318471337579618;1.359882005899705;1.0;0.9375;0.9375;0.0;0.0;0.9210526315789473;0.06220095693779904;0.007177033492822967;0.0;0.009569377990430622;1.0
2.0;37.0;39.0;1.0;0.7600896860986547;461.0;354.0;0.57625;0.4425;1.3022598870056497;1.0;0.9375;0.9375;0.0;0.0;0.9224441833137486;0.06110458284371328;0.007050528789659225;0.0;0.009400705052878966;1.0
4.0;36.0;40.0;1.0;0.7932584269662921;460.0;368.0;0.5658056580565806;0.45264452644526443;1.25;1.0;0.9375;0.9375;0.0;0.0;0.9279069767441861;0.056976744186046514;0.004651162790697674;0.0034883720930232558;0.0069767441860465115;1.0
1.0;36.0;41.0;1.0;0.8261851015801355;458.0;381.0;0.5558252427184466;0.46237864077669905;1.2020997375328084;1.0;0.9375;0.9375;0.0;0.0;0.9417927823050058;0.050058207217694994;0.0011641443538998836;0.004656577415599534;0.002328288707799767;1.0
4.0;36.0;42.0;1.0;0.8600451467268623;458.0;396.0;0.5458879618593564;0.4719904648390942;1.1565656565656566;1.0;0.9375;0.9375;0.0;0.0;0.9427917620137299;0.04919908466819222;0.0011441647597254005;0.004576659038901602;0.002288329519450801;1.0
5.0;36.0;43.0;1.0;0.8939051918735892;448.0;411.0;0.5308056872037915;0.4812646370023419;1.0900243309002433;1.0;0.8333333333333334;2.5;1.0;0.0;0.9437570303712036;0.048368953880764905;0.0011248593925759281;0.0044994375703037125;0.0022497187851518562;1.0
