Family;Qsize_R10;Qsize_R11;Qsize_R12;Cur_Charge_comparable_R10;Cur_Charge_comparable_R11;Cur_Charge_comparable_R12;Exp_Charge__R10;Exp_Charge__R11;Exp_Charge__R12;Exp_ChargeRates_R10;Exp_ChargeRates_R11;Exp_ChargeRates_R12;Exp_Charge__comparable_R10;Exp_Charge__comparable_R11;Exp_Charge__comparable_R12;Eff_Gross_R10;Eff_Gross_R11;Eff_Gross_R12;predFamilies_R10;predFamilies_R11;predFamilies_R12;Cell%__c1;Cell%__c2;Cell%__c3;Cell%__c4;Cell%__c5;Selected Resource_0.0;Selected Resource_1.0;Selected Resource_2.0
2.0;0.0;0.0;0.0;1.0;1.0;1.0;4.0;4.0;4.0;1.0;1.0;1.0;1.0;1.0;1.0;0.8;0.8;0.8;0.0;0.0;0.0;0.5111111111111111;0.3666666666666666;0.1222222222222222;0.0;0.0;1;1;1
2.0;0.0;0.0;0.0;1.0;1.0;1.0;4.0;4.0;4.0;1.0;1.0;1.0;1.0;1.0;1.0;0.8;0.8;0.8;1.0;0.0;0.0;0.6694214876033058;0.1487603305785124;0.1074380165289256;0.0;0.0743801652892562;0;1;1
3.0;0.0;0.0;0.0;0.0;1.0;0.0;4.0;5.0;4.0;0.8;1.0;0.8;1.0;1.25;1.0;0.8;0.8;0.8;0.0;0.0;0.0;0.625;0.25;0.0666666666666666;0.0083333333333333;0.05;1;0;1
2.0;0.0;0.0;0.0;1.0;1.0;1.0;4.0;4.0;4.0;1.0;1.0;1.0;1.0;1.0;1.0;0.8;0.8;0.8;1.0;1.0;0.0;0.6408839779005525;0.1988950276243093;0.1049723756906077;0.0;0.0552486187845303;1;1;0
4.0;0.0;0.0;0.0;1.0;0.0;0.0;6.0;4.0;4.0;1.0;0.6666666666666666;0.6666666666666666;1.5;1.0;1.0;0.8;0.8;0.8;0.0;0.0;0.0;0.6787878787878788;0.1818181818181818;0.0909090909090909;0.0121212121212121;0.0363636363636363;0;1;1
4.0;0.0;0.0;0.0;1.0;1.0;1.0;4.0;4.0;4.0;1.0;1.0;1.0;1.0;1.0;1.0;0.8;0.8;0.8;0.0;1.0;0.0;0.7515151515151515;0.1818181818181818;0.0484848484848484;0.0;0.0181818181818181;1;0;1
5.0;0.0;0.0;0.0;1.0;1.0;1.0;4.0;4.0;4.0;1.0;1.0;1.0;1.0;1.0;1.0;0.8;0.8;0.8;0.0;0.0;0.0;0.7702127659574468;0.1361702127659574;0.0595744680851063;0.0;0.0340425531914893;1;1;1
3.0;0.0;0.0;0.0;1.0;1.0;1.0;4.0;4.0;4.0;1.0;1.0;1.0;1.0;1.0;1.0;0.8;0.8;0.8;0.0;0.0;0.0;0.8571428571428571;0.0783410138248847;0.0230414746543778;0.0;0.0414746543778801;1;1;1
5.0;0.0;0.0;0.0;0.0;1.0;0.0;4.0;7.0;4.0;0.5714285714285714;1.0;0.5714285714285714;1.0;1.75;1.0;0.8;0.8;0.8;0.0;0.0;1.0;0.863849765258216;0.0657276995305164;0.0187793427230046;0.0140845070422535;0.0375586854460093;1;0;0
5.0;0.0;0.0;0.0;1.0;1.0;1.0;4.0;4.0;4.0;1.0;1.0;1.0;1.0;1.0;1.0;0.8;0.8;0.8;1.0;0.0;1.0;0.7682403433476395;0.167381974248927;0.0;0.0;0.0643776824034334;1;0;1
5.0;0.0;0.0;0.0;1.0;0.0;0.0;7.0;4.0;4.0;1.0;0.5714285714285714;0.5714285714285714;1.75;1.0;1.0;0.8;0.8;0.8;1.0;0.0;1.0;0.7729257641921398;0.1572052401746725;0.0;0.0131004366812227;0.056768558951965;1;0;0
5.0;0.0;0.0;0.0;1.0;1.0;1.0;4.0;4.0;4.0;1.0;1.0;1.0;1.0;1.0;1.0;0.8;0.8;0.8;1.0;0.0;1.0;0.8047619047619048;0.1476190476190476;0.0238095238095238;0.0;0.0238095238095238;1;0;1
1.0;0.0;0.0;0.0;1.0;1.0;1.0;4.0;4.0;4.0;1.0;1.0;1.0;1.0;1.0;1.0;0.8;0.8;0.8;0.0;0.0;0.0;0.7937219730941704;0.1345291479820627;0.0582959641255605;0.0;0.0134529147982062;1;1;1
1.0;0.0;0.0;0.0;1.0;1.0;1.0;4.0;4.0;4.0;1.0;1.0;1.0;1.0;1.0;1.0;0.8;0.8;0.8;0.0;1.0;0.0;0.8923766816143498;0.0807174887892376;0.0269058295964125;0.0;0.0;1;0;1
1.0;0.0;0.0;0.0;1.0;1.0;1.0;4.0;4.0;4.0;1.0;1.0;1.0;1.0;1.0;1.0;0.8;0.8;0.8;0.0;1.0;1.0;0.8395522388059702;0.0671641791044776;0.0559701492537313;0.0;0.0373134328358208;1;0;0
1.0;0.0;0.0;0.0;1.0;1.0;1.0;4.0;4.0;4.0;1.0;1.0;1.0;1.0;1.0;1.0;0.8;0.8;0.8;1.0;1.0;1.0;0.8302583025830258;0.084870848708487;0.066420664206642;0.0;0.018450184501845;1;1;1
2.0;0.0;0.0;0.0;1.0;1.0;1.0;4.0;4.0;4.0;1.0;1.0;1.0;1.0;1.0;1.0;0.8;0.8;0.8;0.0;0.0;0.0;0.9110320284697508;0.0676156583629893;0.0177935943060498;0.0;0.0035587188612099;1;1;1
4.0;0.0;0.0;0.0;1.0;1.0;1.0;4.0;4.0;4.0;1.0;1.0;1.0;1.0;1.0;1.0;0.8;0.8;0.8;0.0;0.0;0.0;0.8762214983713354;0.0651465798045602;0.0325732899022801;0.0;0.0260586319218241;1;1;1
3.0;0.0;0.0;0.0;1.0;1.0;1.0;4.0;4.0;4.0;1.0;1.0;1.0;1.0;1.0;1.0;0.8;0.8;0.8;0.0;0.0;0.0;0.8984615384615384;0.0707692307692307;0.0;0.0;0.0307692307692307;1;1;1
4.0;0.0;1.0;0.0;0.0;1.0;0.0;4.0;8.0;4.0;0.5;1.0;0.5;1.0;2.0;1.0;0.8;0.8;0.8;1.0;0.0;0.0;0.8875379939209727;0.0699088145896656;0.0;0.0121580547112462;0.0303951367781155;1;0;0
3.0;0.0;0.0;0.0;1.0;1.0;1.0;4.0;4.0;4.0;1.0;1.0;1.0;1.0;1.0;1.0;0.8;0.8;0.8;0.0;1.0;0.0;0.8964401294498382;0.0485436893203883;0.0355987055016181;0.0;0.0194174757281553;1;0;1
2.0;0.0;0.0;0.0;1.0;1.0;1.0;4.0;4.0;4.0;1.0;1.0;1.0;1.0;1.0;1.0;0.8;0.8;0.8;0.0;0.0;0.0;0.8514285714285714;0.1142857142857142;0.0342857142857142;0.0;0.0;1;1;1
2.0;1.0;0.0;0.0;1.0;0.0;0.0;8.0;4.0;4.0;1.0;0.5;0.5;2.0;1.0;1.0;0.8;0.8;0.8;1.0;0.0;0.0;0.8418079096045198;0.1129943502824858;0.0338983050847457;0.0112994350282485;0.0;0;1;1
2.0;0.0;0.0;0.0;1.0;1.0;1.0;4.0;4.0;4.0;1.0;1.0;1.0;1.0;1.0;1.0;0.8;0.8;0.8;1.0;1.0;0.0;0.8960244648318043;0.073394495412844;0.0061162079510703;0.0;0.0244648318042813;1;1;0
5.0;0.0;0.0;0.0;0.0;1.0;0.0;4.0;5.0;4.0;0.8;1.0;0.8;1.0;1.25;1.0;0.8;0.8;0.8;0.0;0.0;0.0;0.9096385542168676;0.0451807228915662;0.036144578313253;0.003012048192771;0.0060240963855421;1;0;1
2.0;0.0;0.0;0.0;1.0;1.0;1.0;4.0;4.0;4.0;1.0;1.0;1.0;1.0;1.0;1.0;0.8;0.8;0.8;0.0;1.0;0.0;0.8316062176165803;0.1191709844559585;0.0336787564766839;0.0;0.0155440414507772;1;0;1
1.0;0.0;0.0;0.0;1.0;1.0;1.0;4.0;4.0;4.0;1.0;1.0;1.0;1.0;1.0;1.0;0.8;0.8;0.8;0.0;0.0;0.0;0.8315508021390374;0.1390374331550802;0.0187165775401069;0.0;0.0106951871657754;1;1;1
1.0;0.0;0.0;0.0;1.0;1.0;1.0;4.0;4.0;4.0;1.0;1.0;1.0;1.0;1.0;1.0;0.8;0.8;0.8;0.0;0.0;1.0;0.8833819241982507;0.1166180758017492;0.0;0.0;0.0;1;1;0
1.0;0.0;0.0;0.0;1.0;0.0;0.0;7.0;4.0;4.0;1.0;0.5714285714285714;0.5714285714285714;1.75;1.0;1.0;0.8;0.8;0.8;1.0;0.0;1.0;0.806970509383378;0.1260053619302949;0.03485254691689;0.0080428954423592;0.0241286863270777;0;1;0
3.0;0.0;0.0;0.0;1.0;1.0;1.0;4.0;4.0;4.0;1.0;1.0;1.0;1.0;1.0;1.0;0.8;0.8;0.8;0.0;0.0;0.0;0.8676056338028169;0.0985915492957746;0.0112676056338028;0.0;0.0225352112676056;1;1;1
4.0;0.0;0.0;0.0;1.0;1.0;1.0;4.0;4.0;4.0;1.0;1.0;1.0;1.0;1.0;1.0;0.8;0.8;0.8;0.0;0.0;0.0;0.871866295264624;0.0584958217270195;0.0445682451253481;0.0;0.0250696378830083;1;1;1
4.0;0.0;0.0;0.0;1.0;1.0;1.0;4.0;4.0;4.0;1.0;1.0;1.0;1.0;1.0;1.0;0.8;0.8;0.8;0.0;1.0;0.0;0.8186528497409327;0.1295336787564766;0.0233160621761658;0.0;0.0284974093264248;0;1;0
3.0;0.0;0.0;0.0;0.0;1.0;0.0;4.0;7.0;4.0;0.5714285714285714;1.0;0.5714285714285714;1.0;1.75;1.0;0.8;0.8;0.8;1.0;0.0;0.0;0.8241469816272966;0.1233595800524934;0.0209973753280839;0.0078740157480314;0.0236220472440944;0;0;1
4.0;0.0;0.0;0.0;1.0;1.0;1.0;4.0;4.0;4.0;1.0;1.0;1.0;1.0;1.0;1.0;0.8;0.8;0.8;0.0;1.0;0.0;0.8469656992084432;0.1240105540897097;0.0105540897097625;0.0;0.0184696569920844;0;1;0
4.0;0.0;0.0;0.0;1.0;1.0;1.0;4.0;4.0;4.0;1.0;1.0;1.0;1.0;1.0;1.0;0.8;0.8;0.8;0.0;1.0;0.0;0.88268156424581;0.0893854748603352;0.0083798882681564;0.0;0.0195530726256983;0;1;0
3.0;0.0;0.0;0.0;1.0;1.0;1.0;4.0;4.0;4.0;1.0;1.0;1.0;1.0;1.0;1.0;0.8;0.8;0.8;1.0;0.0;1.0;0.8774928774928775;0.1168091168091168;0.0;0.0;0.0056980056980056;1;0;1
1.0;0.0;0.0;0.0;1.0;1.0;1.0;4.0;4.0;4.0;1.0;1.0;1.0;1.0;1.0;1.0;0.8;0.8;0.8;0.0;0.0;0.0;0.8472622478386167;0.100864553314121;0.0432276657060518;0.0;0.0086455331412103;1;1;1
3.0;0.0;0.0;0.0;1.0;1.0;1.0;4.0;4.0;4.0;1.0;1.0;1.0;1.0;1.0;1.0;0.8;0.8;0.8;1.0;0.0;1.0;0.8450292397660819;0.1111111111111111;0.0175438596491228;0.0;0.0263157894736842;1;0;1
5.0;0.0;0.0;0.0;1.0;1.0;1.0;4.0;4.0;4.0;1.0;1.0;1.0;1.0;1.0;1.0;0.8;0.8;0.8;0.0;0.0;0.0;0.8233532934131736;0.1107784431137724;0.0508982035928143;0.0;0.0149700598802395;1;1;1
3.0;0.0;0.0;0.0;1.0;1.0;1.0;4.0;4.0;4.0;1.0;1.0;1.0;1.0;1.0;1.0;0.8;0.8;0.8;0.0;0.0;1.0;0.8653846153846154;0.0879120879120879;0.0219780219780219;0.0;0.0247252747252747;1;1;0
1.0;0.0;0.0;0.0;1.0;1.0;1.0;4.0;4.0;4.0;1.0;1.0;1.0;1.0;1.0;1.0;0.8;0.8;0.8;0.0;0.0;0.0;0.85785536159601;0.0897755610972568;0.0249376558603491;0.0;0.027431421446384;1;1;1
1.0;0.0;0.0;0.0;1.0;0.0;0.0;7.0;4.0;4.0;1.0;0.5714285714285714;0.5714285714285714;1.75;1.0;1.0;0.8;0.8;0.8;1.0;0.0;0.0;0.866504854368932;0.0800970873786407;0.0218446601941747;0.0072815533980582;0.0242718446601941;1;0;0
1.0;0.0;0.0;0.0;1.0;0.0;0.0;5.0;4.0;4.0;1.0;0.8;0.8;1.25;1.0;1.0;0.8;0.8;0.8;1.0;0.0;0.0;0.8907363420427553;0.0807600950118764;0.014251781472684;0.002375296912114;0.01187648456057;0;1;1
2.0;0.0;0.0;0.0;1.0;1.0;1.0;4.0;4.0;4.0;1.0;1.0;1.0;1.0;1.0;1.0;0.8;0.8;0.8;0.0;0.0;0.0;0.9241379310344828;0.0597701149425287;0.0137931034482758;0.0;0.0022988505747126;1;1;1
1.0;0.0;1.0;0.0;0.0;1.0;0.0;4.0;8.0;4.0;0.5;1.0;0.5;1.0;2.0;1.0;0.8;0.8;0.8;1.0;0.0;0.0;0.9157175398633256;0.0592255125284738;0.0136674259681093;0.0091116173120728;0.0022779043280182;1;0;0
1.0;0.0;0.0;0.0;1.0;1.0;1.0;4.0;4.0;4.0;1.0;1.0;1.0;1.0;1.0;1.0;0.8;0.8;0.8;1.0;0.0;0.0;0.9276315789473684;0.0526315789473684;0.0;0.0;0.0197368421052631;0;1;1
2.0;0.0;0.0;1.0;0.0;0.0;1.0;4.0;4.0;8.0;0.5;0.5;1.0;1.0;1.0;2.0;0.8;0.8;0.8;0.0;1.0;0.0;0.9195652173913044;0.0521739130434782;0.0;0.008695652173913;0.0195652173913043;0;1;0
2.0;0.0;0.0;0.0;1.0;1.0;1.0;4.0;4.0;4.0;1.0;1.0;1.0;1.0;1.0;1.0;0.8;0.8;0.8;0.0;1.0;0.0;0.9073684210526316;0.08;0.0084210526315789;0.0;0.0042105263157894;1;0;1
1.0;0.0;0.0;0.0;0.0;0.0;1.0;4.0;4.0;7.0;0.5714285714285714;0.5714285714285714;1.0;1.0;1.0;1.75;0.8;0.8;0.8;1.0;0.0;0.0;0.910828025477707;0.0743099787685774;0.0063694267515923;0.0063694267515923;0.0021231422505307;0;1;0
1.0;0.0;0.0;0.0;1.0;1.0;1.0;4.0;4.0;4.0;1.0;1.0;1.0;1.0;1.0;1.0;0.8;0.8;0.8;1.0;1.0;0.0;0.9014989293361884;0.0877944325481798;0.0;0.0;0.0107066381156316;1;1;0
1.0;0.0;0.0;0.0;1.0;1.0;1.0;4.0;4.0;4.0;1.0;1.0;1.0;1.0;1.0;1.0;0.8;0.8;0.8;1.0;1.0;0.0;0.9156378600823044;0.0843621399176954;0.0;0.0;0.0;0;0;1
2.0;0.0;0.0;0.0;0.0;0.0;1.0;4.0;4.0;7.0;0.5714285714285714;0.5714285714285714;1.0;1.0;1.0;1.75;0.8;0.8;0.8;0.0;0.0;0.0;0.9152892561983472;0.0785123966942148;0.0;0.006198347107438;0.0;1;1;0
4.0;0.0;0.0;0.0;1.0;1.0;1.0;4.0;4.0;4.0;1.0;1.0;1.0;1.0;1.0;1.0;0.8;0.8;0.8;0.0;0.0;0.0;0.8939393939393939;0.0995670995670995;0.0064935064935064;0.0;0.0;1;1;1
4.0;0.0;0.0;0.0;0.0;0.0;1.0;4.0;4.0;7.0;0.5714285714285714;0.5714285714285714;1.0;1.0;1.0;1.75;0.8;0.8;0.8;0.0;0.0;1.0;0.8954248366013072;0.0936819172113289;0.0043572984749455;0.0065359477124183;0.0;1;1;0
4.0;0.0;0.0;0.0;0.0;1.0;0.0;4.0;5.0;4.0;0.8;1.0;0.8;1.0;1.25;1.0;0.8;0.8;0.8;0.0;1.0;1.0;0.8842794759825328;0.1069868995633187;0.0065502183406113;0.0021834061135371;0.0;1;0;0
4.0;0.0;0.0;0.0;1.0;1.0;1.0;4.0;4.0;4.0;1.0;1.0;1.0;1.0;1.0;1.0;0.8;0.8;0.8;1.0;1.0;1.0;0.8881431767337807;0.0827740492170022;0.0;0.0;0.029082774049217;1;1;1
4.0;0.0;0.0;0.0;1.0;1.0;1.0;4.0;4.0;4.0;1.0;1.0;1.0;1.0;1.0;1.0;0.8;0.8;0.8;1.0;1.0;1.0;0.859375;0.0892857142857142;0.0267857142857142;0.0;0.0245535714285714;1;1;1
4.0;0.0;0.0;0.0;1.0;1.0;1.0;4.0;4.0;4.0;1.0;1.0;1.0;1.0;1.0;1.0;0.8;0.8;0.8;1.0;1.0;1.0;0.8755868544600939;0.1032863849765258;0.0140845070422535;0.0;0.0070422535211267;1;1;1
4.0;0.0;0.0;0.0;1.0;1.0;1.0;4.0;4.0;4.0;1.0;1.0;1.0;1.0;1.0;1.0;0.8;0.8;0.8;1.0;1.0;1.0;0.8957816377171216;0.064516129032258;0.0347394540942928;0.0;0.0049627791563275;1;1;1
3.0;0.0;0.0;0.0;0.0;1.0;0.0;4.0;7.0;4.0;0.5714285714285714;1.0;0.5714285714285714;1.0;1.75;1.0;0.8;0.8;0.8;0.0;0.0;0.0;0.899749373433584;0.0576441102756892;0.0325814536340852;0.0075187969924812;0.0025062656641604;1;0;1
4.0;0.0;0.0;0.0;1.0;1.0;1.0;4.0;4.0;4.0;1.0;1.0;1.0;1.0;1.0;1.0;0.8;0.8;0.8;1.0;1.0;0.0;0.8467336683417085;0.1155778894472361;0.0301507537688442;0.0;0.007537688442211;0;0;1
5.0;0.0;0.0;0.0;0.0;0.0;1.0;4.0;4.0;5.0;0.8;0.8;1.0;1.0;1.0;1.25;0.8;0.8;0.8;0.0;0.0;0.0;0.8443877551020408;0.1301020408163265;0.0229591836734693;0.0025510204081632;0.0;1;1;0
5.0;0.0;0.0;0.0;1.0;1.0;1.0;4.0;4.0;4.0;1.0;1.0;1.0;1.0;1.0;1.0;0.8;0.8;0.8;1.0;0.0;0.0;0.8652291105121294;0.0970350404312668;0.0107816711590296;0.0;0.0269541778975741;0;1;1
5.0;0.0;0.0;0.0;1.0;1.0;1.0;4.0;4.0;4.0;1.0;1.0;1.0;1.0;1.0;1.0;0.8;0.8;0.8;1.0;0.0;1.0;0.8614958448753463;0.0997229916897507;0.0138504155124653;0.0;0.0249307479224376;1;0;1
3.0;0.0;0.0;0.0;1.0;1.0;1.0;4.0;4.0;4.0;1.0;1.0;1.0;1.0;1.0;1.0;0.8;0.8;0.8;0.0;0.0;0.0;0.8494318181818182;0.1022727272727272;0.0284090909090909;0.0;0.0198863636363636;1;1;1
3.0;0.0;0.0;0.0;1.0;1.0;1.0;4.0;4.0;4.0;1.0;1.0;1.0;1.0;1.0;1.0;0.8;0.8;0.8;1.0;0.0;0.0;0.931372549019608;0.0490196078431372;0.0098039215686274;0.0;0.0098039215686274;1;0;0
3.0;0.0;0.0;0.0;1.0;1.0;1.0;4.0;4.0;4.0;1.0;1.0;1.0;1.0;1.0;1.0;0.8;0.8;0.8;1.0;0.0;0.0;0.8993506493506493;0.0584415584415584;0.0422077922077922;0.0;0.0;1;0;0
3.0;0.0;0.0;0.0;1.0;1.0;1.0;4.0;4.0;4.0;1.0;1.0;1.0;1.0;1.0;1.0;0.8;0.8;0.8;1.0;0.0;0.0;0.8285714285714286;0.1428571428571428;0.0158730158730158;0.0;0.0126984126984126;0;1;1
5.0;0.0;0.0;0.0;0.0;1.0;0.0;4.0;7.0;4.0;0.5714285714285714;1.0;0.5714285714285714;1.0;1.75;1.0;0.8;0.8;0.8;0.0;0.0;1.0;0.8327974276527331;0.135048231511254;0.0128617363344051;0.0096463022508038;0.0096463022508038;0;0;1
1.0;0.0;0.0;0.0;1.0;1.0;1.0;4.0;4.0;4.0;1.0;1.0;1.0;1.0;1.0;1.0;0.8;0.8;0.8;0.0;0.0;0.0;0.8355704697986577;0.1241610738255033;0.0167785234899328;0.0;0.023489932885906;1;1;1
2.0;0.0;0.0;0.0;1.0;1.0;1.0;4.0;4.0;4.0;1.0;1.0;1.0;1.0;1.0;1.0;0.8;0.8;0.8;0.0;0.0;0.0;0.8033898305084746;0.1694915254237288;0.0;0.0;0.0271186440677966;1;1;1
2.0;0.0;0.0;0.0;1.0;1.0;1.0;4.0;4.0;4.0;1.0;1.0;1.0;1.0;1.0;1.0;0.8;0.8;0.8;0.0;1.0;0.0;0.8358778625954199;0.0877862595419847;0.0572519083969465;0.0;0.0190839694656488;1;0;1
2.0;0.0;0.0;0.0;1.0;1.0;1.0;4.0;4.0;4.0;1.0;1.0;1.0;1.0;1.0;1.0;0.8;0.8;0.8;0.0;1.0;1.0;0.8333333333333334;0.1178861788617886;0.040650406504065;0.0;0.008130081300813;1;0;0
2.0;0.0;0.0;0.0;1.0;0.0;0.0;5.0;4.0;4.0;1.0;0.8;0.8;1.25;1.0;1.0;0.8;0.8;0.8;1.0;1.0;1.0;0.8396624472573839;0.1265822784810126;0.0295358649789029;0.0042194092827004;0.0;0;1;1
2.0;0.0;0.0;0.0;1.0;1.0;1.0;4.0;4.0;4.0;1.0;1.0;1.0;1.0;1.0;1.0;0.8;0.8;0.8;1.0;1.0;1.0;0.8565022421524664;0.1255605381165919;0.0134529147982062;0.0;0.0044843049327354;1;1;1
2.0;0.0;0.0;0.0;1.0;1.0;1.0;4.0;4.0;4.0;1.0;1.0;1.0;1.0;1.0;1.0;0.8;0.8;0.8;1.0;1.0;1.0;0.8061674008810573;0.158590308370044;0.0308370044052863;0.0;0.0044052863436123;1;1;1
2.0;0.0;0.0;0.0;1.0;1.0;1.0;4.0;4.0;4.0;1.0;1.0;1.0;1.0;1.0;1.0;0.8;0.8;0.8;1.0;1.0;1.0;0.8027522935779816;0.1880733944954128;0.0045871559633027;0.0;0.0045871559633027;1;1;1
1.0;0.0;0.0;0.0;0.0;0.0;1.0;4.0;4.0;7.0;0.5714285714285714;0.5714285714285714;1.0;1.0;1.0;1.75;0.8;0.8;0.8;0.0;0.0;0.0;0.7935779816513762;0.1743119266055046;0.0;0.0137614678899082;0.018348623853211;0;0;1
5.0;0.0;0.0;1.0;0.0;0.0;1.0;4.0;4.0;10.0;0.4;0.4;1.0;1.0;1.0;2.5;0.8;0.8;0.8;0.0;0.0;0.0;0.7953488372093023;0.1627906976744186;0.0;0.027906976744186;0.013953488372093;1;1;0
5.0;0.0;0.0;0.0;1.0;1.0;1.0;4.0;4.0;4.0;1.0;1.0;1.0;1.0;1.0;1.0;0.8;0.8;0.8;1.0;0.0;0.0;0.7905759162303665;0.1518324607329843;0.0;0.0;0.0575916230366492;1;0;0
1.0;0.0;0.0;0.0;1.0;1.0;1.0;4.0;4.0;4.0;1.0;1.0;1.0;1.0;1.0;1.0;0.8;0.8;0.8;0.0;0.0;1.0;0.7714285714285715;0.1771428571428571;0.04;0.0;0.0114285714285714;0;0;1
5.0;0.0;0.0;0.0;0.0;0.0;1.0;4.0;4.0;6.0;0.6666666666666666;0.6666666666666666;1.0;1.0;1.0;1.5;0.8;0.8;0.8;1.0;0.0;0.0;0.7987804878048781;0.1646341463414634;0.024390243902439;0.0121951219512195;0.0;1;0;0
1.0;0.0;0.0;0.0;1.0;1.0;1.0;4.0;4.0;4.0;1.0;1.0;1.0;1.0;1.0;1.0;0.8;0.8;0.8;0.0;0.0;1.0;0.7515527950310559;0.1925465838509316;0.0186335403726708;0.0;0.0372670807453416;1;1;0
1.0;0.0;0.0;0.0;1.0;1.0;1.0;4.0;4.0;4.0;1.0;1.0;1.0;1.0;1.0;1.0;0.8;0.8;0.8;0.0;1.0;1.0;0.7793103448275862;0.2137931034482758;0.0;0.0;0.0068965517241379;0;1;1
1.0;0.0;0.0;0.0;1.0;1.0;1.0;4.0;4.0;4.0;1.0;1.0;1.0;1.0;1.0;1.0;0.8;0.8;0.8;0.0;1.0;1.0;0.5741935483870968;0.3806451612903225;0.0451612903225806;0.0;0.0;0;1;1
5.0;0.0;0.0;0.0;0.0;0.0;1.0;4.0;4.0;6.0;0.6666666666666666;0.6666666666666666;1.0;1.0;1.0;1.5;0.8;0.8;0.8;1.0;0.0;0.0;0.5902777777777778;0.3680555555555556;0.0277777777777777;0.0138888888888888;0.0;0;1;0
2.0;0.0;0.0;0.0;1.0;1.0;1.0;4.0;4.0;4.0;1.0;1.0;1.0;1.0;1.0;1.0;0.8;0.8;0.8;0.0;0.0;0.0;0.5952380952380952;0.3015873015873015;0.0555555555555555;0.0;0.0476190476190476;1;1;1
2.0;0.0;0.0;0.0;1.0;1.0;1.0;4.0;4.0;4.0;1.0;1.0;1.0;1.0;1.0;1.0;0.8;0.8;0.8;0.0;1.0;0.0;0.7127659574468085;0.2765957446808511;0.0;0.0;0.0106382978723404;1;0;1
5.0;0.0;0.0;0.0;0.0;0.0;1.0;4.0;4.0;7.0;0.5714285714285714;0.5714285714285714;1.0;1.0;1.0;1.75;0.8;0.8;0.8;1.0;0.0;0.0;0.5508474576271186;0.3220338983050847;0.0254237288135593;0.0254237288135593;0.0762711864406779;1;0;0
2.0;0.0;0.0;0.0;1.0;1.0;1.0;4.0;4.0;4.0;1.0;1.0;1.0;1.0;1.0;1.0;0.8;0.8;0.8;0.0;1.0;1.0;0.504424778761062;0.415929203539823;0.0;0.0;0.079646017699115;0;1;1
5.0;0.0;0.0;0.0;1.0;1.0;1.0;4.0;4.0;4.0;1.0;1.0;1.0;1.0;1.0;1.0;0.8;0.8;0.8;1.0;0.0;0.0;0.5421686746987951;0.3493975903614458;0.0240963855421686;0.0;0.0843373493975903;1;0;0
2.0;0.0;0.0;0.0;1.0;0.0;0.0;5.0;4.0;4.0;1.0;0.8;0.8;1.25;1.0;1.0;0.8;0.8;0.8;0.0;1.0;1.0;0.5652173913043478;0.3188405797101449;0.0434782608695652;0.0144927536231884;0.0579710144927536;0;1;1
2.0;0.0;0.0;0.0;1.0;1.0;1.0;4.0;4.0;4.0;1.0;1.0;1.0;1.0;1.0;1.0;0.8;0.8;0.8;0.0;1.0;1.0;0.4050632911392405;0.5569620253164557;0.0;0.0;0.0379746835443038;1;0;0
3.0;0.0;0.0;0.0;1.0;1.0;1.0;4.0;4.0;4.0;1.0;1.0;1.0;1.0;1.0;1.0;0.8;0.8;0.8;0.0;0.0;0.0;0.2727272727272727;0.2909090909090909;0.4363636363636363;0.0;0.0;1;1;1
3.0;0.0;0.0;0.0;1.0;1.0;1.0;4.0;4.0;4.0;1.0;1.0;1.0;1.0;1.0;1.0;0.8;0.8;0.8;1.0;0.0;0.0;0.1290322580645161;0.5806451612903226;0.1935483870967742;0.0;0.0967741935483871;0;1;1
4.0;0.0;0.0;0.0;1.0;1.0;1.0;4.0;4.0;4.0;1.0;1.0;1.0;1.0;1.0;1.0;0.8;0.8;0.8;0.0;0.0;0.0;0.0;1.0;0.0;0.0;0.0;1;1;1
1.0;0.0;1.0;0.0;0.0;1.0;0.0;4.0;8.0;4.0;0.5;1.0;0.5;1.0;2.0;1.0;0.8;0.8;0.8;0.0;0.0;0.0;0.0;0.7142857142857143;0.0;0.2857142857142857;0.0;1;0;1
1.0;0.0;0.0;0.0;1.0;1.0;1.0;4.0;4.0;4.0;1.0;1.0;1.0;1.0;1.0;1.0;0.8;0.8;0.8;1.0;0.0;0.0;0.0;0.5;0.0;0.0;0.5;1;0;0
3.0;0.0;0.0;0.0;1.0;1.0;1.0;4.0;4.0;4.0;1.0;1.0;1.0;1.0;1.0;1.0;0.8;0.8;0.8;0.0;0.0;0.0;0.0;0.5714285714285714;0.0;0.0;0.4285714285714285;1;1;1
3.0;0.0;0.0;0.0;1.0;1.0;1.0;4.0;4.0;4.0;1.0;1.0;1.0;1.0;1.0;1.0;0.8;0.8;0.8;1.0;0.0;0.0;0.0;0.0;0.0;0.0;1.0;0;1;1
