Family;Qsize_R6;Qsize_R7;Qsize_R8;Qsize_R9;Cur_Charge_comparable_R6;Cur_Charge_comparable_R7;Cur_Charge_comparable_R8;Cur_Charge_comparable_R9;Exp_Charge__R6;Exp_Charge__R7;Exp_Charge__R8;Exp_Charge__R9;Exp_ChargeRates_R6;Exp_ChargeRates_R7;Exp_ChargeRates_R8;Exp_ChargeRates_R9;Exp_Charge__comparable_R6;Exp_Charge__comparable_R7;Exp_Charge__comparable_R8;Exp_Charge__comparable_R9;Eff_Gross_R6;Eff_Gross_R7;Eff_Gross_R8;Eff_Gross_R9;predFamilies_R6;predFamilies_R7;predFamilies_R8;predFamilies_R9;Cell%__c1;Cell%__c2;Cell%__c3;Cell%__c4;Cell%__c5;Selected Resource_0.0;Selected Resource_1.0;Selected Resource_2.0;Selected Resource_3.0
5.0;0.0;0.0;0.0;0.0;1.0;1.0;1.0;1.0;14.0;15.0;16.0;17.0;1.0;1.0;1.0;1.0;1.0;1.0714285714285714;1.1428571428571428;1.2142857142857142;0.9333333333333333;1.0;1.0666666666666667;1.1333333333333333;0.0;0.0;0.0;0.0;0.7610619469026548;0.23893805309734514;0.0;0.0;0.0;1;0;0;0
4.0;0.0;0.0;0.0;0.0;1.0;1.0;1.0;1.0;14.0;15.0;16.0;17.0;1.0;1.0;1.0;1.0;1.0;1.0714285714285714;1.1428571428571428;1.2142857142857142;0.9333333333333333;1.0;1.0666666666666667;1.1333333333333333;0.0;0.0;0.0;0.0;0.75;0.25;0.0;0.0;0.0;0;0;1;0
2.0;0.0;0.0;1.0;0.0;0.0;0.0;1.0;0.0;14.0;15.0;31.0;17.0;0.4827586206896552;0.5;1.0;0.53125;1.0;1.0714285714285714;2.2142857142857144;1.2142857142857142;0.9333333333333333;1.0;1.0666666666666667;1.1333333333333333;0.0;0.0;0.0;0.0;0.7227722772277227;0.18811881188118812;0.07425742574257425;0.01485148514851485;0.0;1;0;0;0
2.0;0.0;0.0;0.0;0.0;0.8;0.0;1.0;0.0;8.0;15.0;21.0;17.0;0.6153846153846154;0.625;0.84;0.6538461538461539;1.0;1.875;2.625;2.125;0.8;3.0;3.2;3.4;1.0;0.0;0.0;0.0;0.7252252252252253;0.22072072072072071;0.04054054054054054;0.0;0.013513513513513514;1;0;0;0
1.0;1.0;0.0;0.0;0.0;1.0;0.0;0.5714285714285714;0.0;21.0;15.0;20.0;17.0;0.84;0.5769230769230769;0.7407407407407407;0.6071428571428571;1.4;1.0;1.3333333333333333;1.1333333333333333;0.9333333333333333;1.0;1.0666666666666667;1.1333333333333333;0.0;0.0;0.0;0.0;0.7293577981651376;0.21100917431192662;0.05045871559633028;0.0;0.009174311926605505;0;1;0;0
1.0;0.0;1.0;0.0;0.0;0.0;1.0;0.0;0.0;14.0;11.0;16.0;17.0;0.7;1.0;0.7272727272727273;0.7391304347826086;1.2727272727272727;1.0;1.4545454545454546;1.5454545454545454;2.3333333333333335;0.8333333333333334;2.6666666666666665;2.8333333333333335;0.0;1.0;0.0;0.0;0.7318181818181818;0.15454545454545454;0.02727272727272727;0.00909090909090909;0.07727272727272727;0;0;1;0
1.0;0.0;0.0;1.0;0.0;0.0;0.23076923076923078;1.0;0.0;14.0;8.0;19.0;17.0;0.4666666666666667;0.38095238095238093;0.8636363636363636;0.5151515151515151;1.75;1.0;2.375;2.125;2.3333333333333335;0.8333333333333334;1.0;2.8333333333333335;0.0;1.0;1.0;0.0;0.670995670995671;0.18614718614718614;0.06926406926406926;0.0;0.0735930735930736;0;1;0;0
3.0;0.0;1.0;1.0;0.0;0.0;0.5454545454545454;1.0;0.0;14.0;21.0;27.0;17.0;0.45161290322580644;0.65625;0.8181818181818182;0.5;1.0;1.5;1.9285714285714286;1.2142857142857142;0.9333333333333333;1.0;1.0666666666666667;1.1333333333333333;0.0;0.0;0.0;0.0;0.7124463519313304;0.15879828326180256;0.07296137339055794;0.0;0.055793991416309016;0;1;0;1
1.0;0.0;0.0;0.0;1.0;0.0;0.0;0.25;1.0;14.0;5.0;8.0;25.0;0.5833333333333334;0.3333333333333333;0.5;0.9259259259259259;2.8;1.0;1.6;5.0;2.3333333333333335;0.8333333333333334;1.0;2.8333333333333335;0.0;1.0;1.0;0.0;0.8571428571428571;0.05612244897959184;0.05102040816326531;0.00510204081632653;0.030612244897959183;0;1;0;0
5.0;0.0;0.0;0.0;0.0;0.0;0.0;0.0;1.0;14.0;15.0;16.0;19.0;0.875;0.8823529411764706;0.8888888888888888;1.0;1.0;1.0714285714285714;1.1428571428571428;1.3571428571428572;0.9333333333333333;1.0;1.0666666666666667;1.1333333333333333;0.0;0.0;0.0;0.0;0.7719298245614035;0.18421052631578946;0.008771929824561403;0.013157894736842105;0.021929824561403508;0;1;0;0
2.0;0.0;1.0;0.0;0.0;0.0;1.0;0.0;0.07142857142857142;4.0;29.0;16.0;18.0;0.21052631578947367;0.9666666666666667;0.5161290322580645;0.5625;1.0;7.25;4.0;4.5;0.8;3.0;3.2;3.4;1.0;0.0;0.0;0.0;0.7310924369747899;0.16806722689075632;0.06302521008403361;0.008403361344537815;0.029411764705882353;1;0;1;0
2.0;0.0;0.0;0.0;0.0;0.0;1.0;0.0;0.0;4.0;17.0;16.0;17.0;0.6666666666666666;1.0;0.8888888888888888;0.8947368421052632;1.0;4.25;4.0;4.25;0.8;3.0;3.2;3.4;1.0;0.0;0.0;0.0;0.82;0.136;0.008;0.0;0.036;1;0;0;0
4.0;0.0;0.0;0.0;0.0;1.0;1.0;1.0;1.0;14.0;15.0;16.0;17.0;1.0;1.0;1.0;1.0;1.0;1.0714285714285714;1.1428571428571428;1.2142857142857142;0.9333333333333333;1.0;1.0666666666666667;1.1333333333333333;0.0;0.0;0.0;0.0;0.8577405857740585;0.12133891213389121;0.0;0.016736401673640166;0.0041841004184100415;0;1;0;0
4.0;0.0;1.0;0.0;0.0;0.0;1.0;0.0;0.0;14.0;19.0;16.0;17.0;0.5;1.0;0.5333333333333333;0.5483870967741935;1.0;1.3571428571428572;1.1428571428571428;1.2142857142857142;2.3333333333333335;0.8333333333333334;2.6666666666666665;2.8333333333333335;0.0;1.0;0.0;0.0;0.8285714285714286;0.10612244897959183;0.05714285714285714;0.00816326530612245;0.0;0;0;1;0
2.0;0.0;1.0;1.0;0.0;0.0;0.8;1.0;0.0;4.0;23.0;26.0;17.0;0.18181818181818182;0.696969696969697;0.7647058823529411;0.4857142857142857;1.0;5.75;6.5;4.25;0.8;3.0;3.2;3.4;1.0;0.0;0.0;0.0;0.7809187279151943;0.1413427561837456;0.0636042402826855;0.0;0.014134275618374558;1;0;0;0
4.0;0.0;0.0;1.0;0.0;0.14285714285714285;0.7142857142857143;1.0;0.0;15.0;10.0;13.0;17.0;0.5555555555555556;0.5555555555555556;0.6842105263157895;0.5666666666666667;1.5;1.0;1.3;1.7;2.3333333333333335;0.8333333333333334;1.0;2.8333333333333335;0.0;1.0;1.0;0.0;0.8153846153846154;0.14153846153846153;0.04;0.0;0.003076923076923077;0;1;0;0
4.0;0.0;0.0;0.0;0.0;0.0;1.0;0.4;0.0;14.0;10.0;8.0;17.0;0.6666666666666666;0.8333333333333334;0.6153846153846154;0.7083333333333334;1.75;1.25;1.0;2.125;2.3333333333333335;0.8333333333333334;1.0;2.8333333333333335;0.0;1.0;1.0;0.0;0.8513931888544891;0.12693498452012383;0.021671826625386997;0.0;0.0;0;0;1;0
3.0;0.0;0.0;0.0;0.0;1.0;1.0;1.0;1.0;14.0;15.0;16.0;7.0;1.0;1.0;1.0;1.0;2.0;2.142857142857143;2.2857142857142856;1.0;1.75;1.875;2.0;0.875;0.0;0.0;0.0;1.0;0.8240223463687151;0.12569832402234637;0.0;0.00558659217877095;0.0446927374301676;0;1;0;1
3.0;0.0;0.0;0.0;1.0;0.0;0.0;0.0;1.0;14.0;15.0;16.0;24.0;0.45161290322580644;0.46875;0.48484848484848486;1.0;1.0;1.0714285714285714;1.1428571428571428;1.7142857142857142;1.75;1.875;2.0;0.875;0.0;0.0;0.0;1.0;0.7866666666666666;0.12;0.04533333333333334;0.005333333333333333;0.042666666666666665;1;0;0;0
4.0;1.0;0.0;0.0;0.0;1.0;0.0;0.0;0.3;24.0;5.0;6.0;20.0;0.8888888888888888;0.2777777777777778;0.3157894736842105;0.6666666666666666;4.8;1.0;1.2;4.0;2.3333333333333335;0.8333333333333334;1.0;2.8333333333333335;0.0;1.0;1.0;0.0;0.8319088319088319;0.09686609686609686;0.037037037037037035;0.0;0.03418803418803419;0;1;0;0
3.0;0.0;0.0;0.0;0.0;1.0;0.0;0.0;0.0;8.0;15.0;16.0;7.0;1.0;0.7894736842105263;0.8;0.6363636363636364;1.1428571428571428;2.142857142857143;2.2857142857142856;1.0;0.8;3.0;3.2;1.4;1.0;0.0;0.0;1.0;0.8571428571428571;0.12;0.011428571428571429;0.011428571428571429;0.0;0;1;1;0
3.0;0.0;0.0;1.0;0.0;0.14285714285714285;0.0;1.0;0.0;6.0;15.0;20.0;7.0;0.3;0.4838709677419355;0.9090909090909091;0.30434782608695654;1.0;2.5;3.3333333333333335;1.1666666666666667;0.8;3.0;1.2;1.4;1.0;0.0;1.0;1.0;0.7989556135770235;0.13315926892950392;0.04177545691906005;0.0026109660574412533;0.02349869451697128;1;1;0;0
3.0;0.0;0.0;0.0;0.0;0.0;0.0;1.0;0.0;4.0;15.0;12.0;7.0;0.4;0.7142857142857143;1.0;0.5384615384615384;1.0;3.75;3.0;1.75;0.8;3.0;1.2;1.4;1.0;0.0;1.0;1.0;0.7777777777777778;0.18024691358024691;0.014814814814814815;0.0049382716049382715;0.022222222222222223;1;0;0;0
3.0;0.0;0.0;0.0;0.0;0.0;0.0;1.0;0.0;4.0;15.0;8.0;7.0;0.6666666666666666;0.8823529411764706;1.0;0.7777777777777778;1.0;3.75;2.0;1.75;0.8;3.0;1.2;1.4;1.0;0.0;1.0;1.0;0.7938931297709924;0.1806615776081425;0.005089058524173028;0.0;0.020356234096692113;1;1;0;0
5.0;0.0;0.0;0.0;0.0;1.0;1.0;1.0;1.0;14.0;15.0;16.0;17.0;1.0;1.0;1.0;1.0;1.0;1.0714285714285714;1.1428571428571428;1.2142857142857142;0.9333333333333333;1.0;1.0666666666666667;1.1333333333333333;0.0;0.0;0.0;0.0;0.769041769041769;0.21621621621621623;0.0;0.012285012285012284;0.002457002457002457;1;0;0;0
5.0;1.0;0.0;0.0;0.0;1.0;0.0;0.0;0.0;14.0;15.0;16.0;17.0;1.0;0.6;0.6153846153846154;0.6296296296296297;1.0;1.0714285714285714;1.1428571428571428;1.2142857142857142;0.8;3.0;3.2;3.4;1.0;0.0;0.0;0.0;0.7647058823529411;0.20705882352941177;0.023529411764705882;0.002352941176470588;0.002352941176470588;0;1;1;0
5.0;0.0;0.0;1.0;0.0;0.3333333333333333;0.0;1.0;0.0;7.0;15.0;15.0;17.0;0.4375;0.5555555555555556;0.8333333333333334;0.5862068965517241;1.0;2.142857142857143;2.142857142857143;2.4285714285714284;0.8;3.0;1.2;3.4;1.0;0.0;1.0;0.0;0.7880952380952381;0.18333333333333332;0.02857142857142857;0.0;0.0;0;1;0;0
5.0;0.0;1.0;0.0;0.0;0.0;1.0;0.5;0.0;4.0;17.0;12.0;17.0;0.18181818181818182;0.7391304347826086;0.5;0.4857142857142857;1.0;4.25;3.0;4.25;0.8;1.0;1.2;3.4;1.0;1.0;1.0;0.0;0.765661252900232;0.1925754060324826;0.04176334106728538;0.0;0.0;1;0;0;0
5.0;0.0;1.0;0.0;0.0;0.3333333333333333;1.0;0.5;0.0;8.0;17.0;12.0;17.0;0.3076923076923077;0.6296296296296297;0.42857142857142855;0.4358974358974359;1.0;2.125;1.5;2.125;0.8;1.0;1.2;3.4;1.0;1.0;1.0;0.0;0.7586206896551724;0.19080459770114944;0.05057471264367816;0.0;0.0;1;0;0;0
5.0;0.0;0.0;0.0;0.0;0.0;1.0;0.0;0.0;4.0;8.0;6.0;17.0;0.5714285714285714;1.0;0.6666666666666666;0.85;1.0;2.0;1.5;4.25;0.8;1.0;1.2;3.4;1.0;1.0;1.0;0.0;0.7790432801822323;0.17312072892938496;0.00683371298405467;0.009111617312072893;0.03189066059225513;1;0;0;0
5.0;0.0;0.0;0.0;0.0;1.0;0.6666666666666666;0.0;0.0;7.0;7.0;6.0;17.0;0.7777777777777778;0.7;0.5454545454545454;0.7727272727272727;1.1666666666666667;1.1666666666666667;1.0;2.8333333333333335;0.8;1.0;1.2;3.4;1.0;1.0;1.0;0.0;0.7555555555555555;0.20222222222222222;0.011111111111111112;0.0044444444444444444;0.02666666666666667;1;0;0;0
5.0;0.0;0.0;0.0;0.0;1.0;0.0;0.0;0.0;7.0;5.0;6.0;17.0;1.0;0.625;0.6666666666666666;0.85;1.4;1.0;1.2;3.4;0.8;1.0;1.2;3.4;1.0;1.0;1.0;0.0;0.7770419426048565;0.17439293598233996;0.006622516556291391;0.011037527593818985;0.03090507726269316;0;1;0;0
5.0;0.0;0.0;0.0;0.0;1.0;1.0;1.0;1.0;4.0;5.0;6.0;17.0;1.0;1.0;1.0;1.0;1.0;1.25;1.5;4.25;0.8;1.0;1.2;3.4;1.0;1.0;1.0;0.0;0.7932584269662921;0.1797752808988764;0.0;0.0044943820224719105;0.02247191011235955;1;1;0;0
1.0;0.0;0.0;0.0;0.0;1.0;1.0;1.0;1.0;14.0;15.0;16.0;17.0;1.0;1.0;1.0;1.0;1.0;1.0714285714285714;1.1428571428571428;1.2142857142857142;0.9333333333333333;1.0;1.0666666666666667;1.1333333333333333;0.0;0.0;0.0;0.0;0.8071278825995807;0.1719077568134172;0.0;0.0;0.020964360587002098;0;1;0;0
5.0;0.0;1.0;0.0;0.0;0.0;1.0;0.0;0.0;4.0;27.0;6.0;17.0;0.25;1.0;0.3333333333333333;0.5862068965517241;1.0;6.75;1.5;4.25;0.8;3.0;1.2;3.4;1.0;0.0;1.0;0.0;0.7868852459016393;0.17827868852459017;0.02459016393442623;0.0020491803278688526;0.00819672131147541;1;0;0;0
5.0;0.0;1.0;0.0;0.0;0.0;1.0;0.0;0.0;4.0;22.0;6.0;17.0;0.36363636363636365;1.0;0.46153846153846156;0.7083333333333334;1.0;5.5;1.5;4.25;0.8;3.0;1.2;3.4;1.0;0.0;1.0;0.0;0.8241525423728814;0.15254237288135594;0.014830508474576272;0.006355932203389831;0.00211864406779661;1;0;0;0
1.0;0.0;0.0;0.0;0.0;0.4;1.0;0.0;0.0;16.0;10.0;16.0;17.0;0.7619047619047619;0.8333333333333334;0.6956521739130435;0.7083333333333334;1.6;1.0;1.6;1.7;2.3333333333333335;0.8333333333333334;2.6666666666666665;2.8333333333333335;0.0;1.0;0.0;0.0;0.8071278825995807;0.1761006289308176;0.014675052410901468;0.0020964360587002098;0.0;0;0;0;1
5.0;0.0;0.0;0.0;1.0;0.0;0.0;0.0;1.0;4.0;15.0;6.0;27.0;0.2857142857142857;0.6;0.375;1.0;1.0;3.75;1.5;6.75;0.8;3.0;1.2;3.4;1.0;0.0;1.0;0.0;0.7697095435684648;0.1991701244813278;0.02074688796680498;0.004149377593360996;0.006224066390041493;1;0;0;0
1.0;0.0;0.0;0.0;0.0;0.14285714285714285;0.0;0.0;1.0;15.0;5.0;16.0;14.0;0.6818181818181818;0.38461538461538464;0.6666666666666666;0.9333333333333333;3.0;1.0;3.2;2.8;2.3333333333333335;0.8333333333333334;2.6666666666666665;1.1666666666666667;0.0;1.0;0.0;1.0;0.7597535934291582;0.2032854209445585;0.01642710472279261;0.0;0.02053388090349076;1;0;0;0
1.0;1.0;0.0;0.0;0.0;1.0;0.0;0.0;0.1111111111111111;13.0;5.0;16.0;8.0;0.9285714285714286;0.3333333333333333;0.6153846153846154;0.47058823529411764;2.6;1.0;3.2;1.6;0.8;1.0;3.2;1.4;1.0;1.0;0.0;1.0;0.7863247863247863;0.17307692307692307;0.021367521367521368;0.0;0.019230769230769232;0;1;0;0
1.0;1.0;0.0;0.0;0.0;1.0;0.2;0.0;0.0;9.0;6.0;16.0;7.0;0.9;0.5454545454545454;0.7272727272727273;0.5384615384615384;1.5;1.0;2.6666666666666665;1.1666666666666667;0.8;1.0;3.2;1.4;1.0;1.0;0.0;1.0;0.8333333333333334;0.14957264957264957;0.01282051282051282;0.002136752136752137;0.002136752136752137;1;0;0;0
5.0;1.0;0.0;0.0;0.0;1.0;0.0;0.0;0.0;22.0;15.0;6.0;17.0;1.0;0.6521739130434783;0.42857142857142855;0.68;3.6666666666666665;2.5;1.0;2.8333333333333335;2.0;2.142857142857143;0.8571428571428571;2.4285714285714284;0.0;0.0;1.0;0.0;0.8362068965517241;0.14655172413793102;0.017241379310344827;0.0;0.0;0;0;1;0
1.0;0.0;0.0;0.0;0.0;1.0;0.0;0.0;0.0;5.0;5.0;16.0;7.0;1.0;0.8333333333333334;0.9411764705882353;0.875;1.0;1.0;3.2;1.4;0.8;1.0;3.2;1.4;1.0;1.0;0.0;1.0;0.7945492662473794;0.1928721174004193;0.0020964360587002098;0.008385744234800839;0.0020964360587002098;0;1;0;0
1.0;0.0;0.0;0.0;0.0;0.0;1.0;0.0;0.0;4.0;6.0;16.0;7.0;0.8;1.0;0.9411764705882353;0.875;1.0;1.5;4.0;1.75;0.8;1.0;3.2;1.4;1.0;1.0;0.0;1.0;0.7975206611570248;0.1859504132231405;0.002066115702479339;0.002066115702479339;0.012396694214876033;1;0;0;0
2.0;0.0;0.0;0.0;0.0;1.0;1.0;1.0;1.0;14.0;15.0;16.0;17.0;1.0;1.0;1.0;1.0;1.0;1.0714285714285714;1.1428571428571428;1.2142857142857142;0.9333333333333333;1.0;1.0666666666666667;1.1333333333333333;0.0;0.0;0.0;0.0;0.8354430379746836;0.15822784810126583;0.0;0.0;0.006329113924050633;0;1;0;0
1.0;0.0;1.0;0.0;0.0;0.0;1.0;0.0;0.0;4.0;30.0;16.0;7.0;0.21052631578947367;1.0;0.5161290322580645;0.3181818181818182;1.0;7.5;4.0;1.75;0.8;3.0;3.2;1.4;1.0;0.0;0.0;1.0;0.8098159509202454;0.15337423312883436;0.03067484662576687;0.0;0.006134969325153374;1;0;0;0
3.0;0.0;1.0;0.0;0.0;0.0;1.0;0.0;0.0;14.0;26.0;16.0;17.0;0.56;1.0;0.5925925925925926;0.6071428571428571;1.0;1.8571428571428572;1.1428571428571428;1.2142857142857142;0.9333333333333333;1.0;1.0666666666666667;1.1333333333333333;0.0;0.0;0.0;0.0;0.8134171907756813;0.16352201257861634;0.023060796645702306;0.0;0.0;0;0;1;0
5.0;0.0;0.0;0.0;0.0;0.0;0.0;1.0;0.0;14.0;15.0;21.0;17.0;0.7368421052631579;0.75;1.0;0.7727272727272727;1.0;1.0714285714285714;1.5;1.2142857142857142;0.9333333333333333;1.0;1.0666666666666667;1.1333333333333333;0.0;0.0;0.0;0.0;0.8302658486707567;0.15950920245398773;0.010224948875255624;0.0;0.0;1;0;0;0
3.0;1.0;0.0;0.0;0.0;1.0;0.0;0.3076923076923077;0.0;27.0;15.0;10.0;17.0;0.8709677419354839;0.46875;0.43478260869565216;0.5;2.7;1.5;1.0;1.7;2.0;2.142857142857143;0.8571428571428571;2.4285714285714284;0.0;0.0;1.0;0.0;0.8151750972762646;0.14591439688715954;0.033073929961089495;0.005836575875486381;0.0;0;0;1;0
1.0;1.0;0.0;0.0;0.0;1.0;0.0;0.625;0.0;22.0;15.0;21.0;7.0;0.8148148148148148;0.5357142857142857;0.7241379310344828;0.35;3.142857142857143;2.142857142857143;3.0;1.0;1.75;1.875;2.0;0.875;0.0;0.0;0.0;1.0;0.8481012658227848;0.10849909584086799;0.023508137432188065;0.0054249547920434;0.014466546112115732;0;0;0;1
3.0;0.0;0.0;0.0;0.0;1.0;0.0;0.0;0.0;15.0;15.0;6.0;17.0;1.0;0.9375;0.8571428571428571;0.9444444444444444;2.5;2.5;1.0;2.8333333333333335;2.0;2.142857142857143;0.8571428571428571;2.4285714285714284;0.0;0.0;1.0;0.0;0.8716475095785441;0.10153256704980843;0.0019157088122605363;0.0038314176245210726;0.0210727969348659;0;1;1;0
3.0;0.0;0.0;0.0;0.0;0.0;0.0;1.0;0.0;14.0;15.0;10.0;17.0;0.7777777777777778;0.7894736842105263;1.0;0.8095238095238095;1.4;1.5;1.0;1.7;2.0;2.142857142857143;0.8571428571428571;2.4285714285714284;0.0;0.0;1.0;0.0;0.8477443609022557;0.11654135338345864;0.007518796992481203;0.011278195488721804;0.016917293233082706;0;0;1;0
1.0;0.0;0.0;0.0;0.0;0.0;0.0;1.0;0.0;14.0;15.0;21.0;7.0;0.7368421052631579;0.75;1.0;0.5833333333333334;2.0;2.142857142857143;3.0;1.0;1.75;1.875;2.0;0.875;0.0;0.0;0.0;1.0;0.8383458646616542;0.12218045112781954;0.009398496240601503;0.009398496240601503;0.020676691729323307;0;0;0;1
3.0;0.0;0.0;0.0;0.0;0.0;0.0;0.0;1.0;14.0;15.0;6.0;19.0;0.875;0.8823529411764706;0.75;1.0;2.3333333333333335;2.5;1.0;3.1666666666666665;2.0;2.142857142857143;0.8571428571428571;2.4285714285714284;0.0;0.0;1.0;0.0;0.836852207293666;0.1381957773512476;0.003838771593090211;0.0;0.02111324376199616;0;0;1;0
2.0;0.0;0.0;0.0;0.0;0.0;0.0;1.0;0.0;14.0;5.0;17.0;17.0;0.9333333333333333;0.8333333333333334;1.0;0.9444444444444444;2.8;1.0;3.4;3.4;2.3333333333333335;0.8333333333333334;2.6666666666666665;2.8333333333333335;0.0;1.0;0.0;0.0;0.83203125;0.130859375;0.001953125;0.001953125;0.033203125;0;1;0;0
2.0;0.0;0.0;0.0;0.0;1.0;1.0;1.0;1.0;14.0;5.0;16.0;17.0;1.0;1.0;1.0;1.0;2.8;1.0;3.2;3.4;2.3333333333333335;0.8333333333333334;2.6666666666666665;2.8333333333333335;0.0;1.0;0.0;0.0;0.8493723849372385;0.10669456066945607;0.0;0.0;0.043933054393305436;0;1;0;0
4.0;0.0;0.0;0.0;0.0;0.0;1.0;0.0;0.0;14.0;19.0;16.0;17.0;0.7777777777777778;1.0;0.8;0.8095238095238095;1.0;1.3571428571428572;1.1428571428571428;1.2142857142857142;0.9333333333333333;1.0;1.0666666666666667;1.1333333333333333;0.0;0.0;0.0;0.0;0.8505263157894737;0.10105263157894737;0.008421052631578947;0.0;0.04;1;0;0;0
2.0;1.0;0.0;0.0;0.0;1.0;0.16666666666666666;0.0;0.0;26.0;7.0;16.0;17.0;0.9285714285714286;0.3684210526315789;0.5333333333333333;0.5483870967741935;3.7142857142857144;1.0;2.2857142857142856;2.4285714285714284;2.3333333333333335;0.8333333333333334;2.6666666666666665;2.8333333333333335;0.0;1.0;0.0;0.0;0.823045267489712;0.11728395061728394;0.02880658436213992;0.0;0.030864197530864196;0;1;0;0
2.0;1.0;0.0;0.0;0.0;1.0;0.0;0.0;0.0;19.0;5.0;16.0;17.0;1.0;0.5;0.7619047619047619;0.7727272727272727;3.8;1.0;3.2;3.4;2.3333333333333335;0.8333333333333334;2.6666666666666665;2.8333333333333335;0.0;1.0;0.0;0.0;0.8558758314855875;0.10199556541019955;0.011086474501108648;0.0;0.031042128603104215;0;1;0;0
4.0;0.0;0.0;0.0;0.0;1.0;1.0;1.0;1.0;4.0;15.0;16.0;17.0;1.0;1.0;1.0;1.0;1.0;3.75;4.0;4.25;0.8;3.0;3.2;3.4;1.0;0.0;0.0;0.0;0.8683602771362586;0.11316397228637413;0.0;0.0;0.018475750577367205;1;0;0;0
2.0;0.0;0.0;0.0;0.0;1.0;0.0;0.0;0.0;18.0;5.0;16.0;17.0;1.0;0.5555555555555556;0.8;0.8095238095238095;3.6;1.0;3.2;3.4;2.3333333333333335;0.8333333333333334;2.6666666666666665;2.8333333333333335;0.0;1.0;0.0;0.0;0.8604118993135011;0.11212814645308924;0.009153318077803204;0.0;0.018306636155606407;0;1;0;0
3.0;0.0;0.0;0.0;0.0;1.0;1.0;1.0;1.0;14.0;15.0;6.0;17.0;1.0;1.0;1.0;1.0;2.3333333333333335;2.5;1.0;2.8333333333333335;2.0;2.142857142857143;0.8571428571428571;2.4285714285714284;0.0;0.0;1.0;0.0;0.8855721393034826;0.08208955223880597;0.0;0.0;0.03233830845771144;0;0;1;0
4.0;0.0;0.0;0.0;0.0;0.0;0.0;1.0;0.0;4.0;15.0;18.0;17.0;0.6666666666666666;0.8823529411764706;1.0;0.8947368421052632;1.0;3.75;4.5;4.25;0.8;3.0;3.2;3.4;1.0;0.0;0.0;0.0;0.8900255754475703;0.08951406649616368;0.005115089514066497;0.0;0.015345268542199489;1;0;0;0
1.0;0.0;0.0;0.0;0.0;1.0;1.0;1.0;1.0;14.0;15.0;16.0;7.0;1.0;1.0;1.0;1.0;2.0;2.142857142857143;2.2857142857142856;1.0;1.75;1.875;2.0;0.875;0.0;0.0;0.0;1.0;0.8607594936708861;0.1291139240506329;0.0;0.005063291139240506;0.005063291139240506;0;0;0;1
3.0;0.0;0.0;0.0;0.0;0.0;0.0;0.0;1.0;14.0;15.0;6.0;22.0;0.7368421052631579;0.75;0.5454545454545454;1.0;2.3333333333333335;2.5;1.0;3.6666666666666665;2.0;2.142857142857143;0.8571428571428571;2.4285714285714284;0.0;0.0;1.0;0.0;0.865979381443299;0.11597938144329897;0.01288659793814433;0.005154639175257732;0.0;0;0;1;0
4.0;0.0;0.0;0.0;0.0;1.0;1.0;1.0;1.0;4.0;15.0;16.0;17.0;1.0;1.0;1.0;1.0;1.0;3.75;4.0;4.25;0.8;3.0;3.2;3.4;1.0;0.0;0.0;0.0;0.8938547486033519;0.09217877094972067;0.0;0.008379888268156424;0.00558659217877095;1;0;0;0
3.0;0.0;0.0;0.0;0.0;1.0;0.0;0.0;0.0;16.0;15.0;6.0;17.0;1.0;0.8823529411764706;0.75;0.8947368421052632;2.6666666666666665;2.5;1.0;2.8333333333333335;2.0;2.142857142857143;0.8571428571428571;2.4285714285714284;0.0;0.0;1.0;0.0;0.8404255319148937;0.13031914893617022;0.005319148936170213;0.0;0.023936170212765957;0;0;1;0
4.0;0.0;0.0;0.0;0.0;1.0;1.0;1.0;1.0;4.0;15.0;16.0;17.0;1.0;1.0;1.0;1.0;1.0;3.75;4.0;4.25;0.8;3.0;3.2;3.4;1.0;0.0;0.0;0.0;0.8837209302325582;0.10755813953488372;0.0;0.0;0.00872093023255814;1;0;0;0
4.0;0.0;0.0;0.0;0.0;1.0;1.0;1.0;1.0;4.0;15.0;16.0;17.0;1.0;1.0;1.0;1.0;1.0;3.75;4.0;4.25;0.8;3.0;3.2;3.4;1.0;0.0;0.0;0.0;0.8690476190476191;0.08928571428571429;0.0;0.005952380952380952;0.03571428571428571;0;1;0;0
4.0;0.0;1.0;0.0;0.0;0.0;1.0;0.0;0.0;4.0;14.0;16.0;17.0;0.3076923076923077;1.0;0.64;0.6538461538461539;1.0;3.5;4.0;4.25;0.8;1.0;3.2;3.4;1.0;1.0;0.0;0.0;0.8722741433021807;0.08722741433021806;0.028037383177570093;0.0;0.012461059190031152;1;0;0;0
3.0;1.0;1.0;0.0;0.0;1.0;0.6428571428571429;0.0;0.0;28.0;24.0;6.0;17.0;0.7567567567567568;0.631578947368421;0.20689655172413793;0.425;4.666666666666667;4.0;1.0;2.8333333333333335;2.0;2.142857142857143;0.8571428571428571;2.4285714285714284;0.0;0.0;1.0;0.0;0.835820895522388;0.08358208955223881;0.06865671641791045;0.0;0.011940298507462687;0;0;1;0
1.0;0.0;0.0;0.0;0.0;1.0;1.0;1.0;1.0;14.0;15.0;16.0;7.0;1.0;1.0;1.0;1.0;2.0;2.142857142857143;2.2857142857142856;1.0;1.75;1.875;2.0;0.875;0.0;0.0;0.0;1.0;0.9090909090909091;0.08;0.0;0.0;0.01090909090909091;0;0;0;1
2.0;0.0;0.0;0.0;1.0;0.0;0.0;0.0;1.0;14.0;15.0;16.0;34.0;0.45161290322580644;0.46875;0.48484848484848486;1.0;1.0;1.0714285714285714;1.1428571428571428;2.4285714285714284;0.9333333333333333;1.0;1.0666666666666667;1.1333333333333333;0.0;0.0;0.0;0.0;0.8561643835616438;0.07534246575342465;0.05821917808219178;0.0;0.010273972602739725;0;0;1;0
4.0;0.0;0.0;1.0;0.0;0.0;0.0;1.0;0.0;4.0;5.0;23.0;17.0;0.36363636363636365;0.4166666666666667;1.0;0.7083333333333334;1.0;1.25;5.75;4.25;0.8;1.0;3.2;3.4;1.0;1.0;0.0;0.0;0.8169014084507042;0.15140845070422534;0.02464788732394366;0.007042253521126761;0.0;1;0;0;0
5.0;0.0;0.0;0.0;0.0;0.0;0.0;1.0;0.0;14.0;15.0;17.0;17.0;0.9333333333333333;0.9375;1.0;0.9444444444444444;1.0;1.0714285714285714;1.2142857142857142;1.2142857142857142;0.9333333333333333;1.0;1.0666666666666667;1.1333333333333333;0.0;0.0;0.0;0.0;0.8239700374531835;0.14232209737827714;0.003745318352059925;0.00749063670411985;0.02247191011235955;0;0;0;1
4.0;0.0;0.0;0.0;1.0;0.0;0.0;0.0;1.0;4.0;5.0;16.0;28.0;0.26666666666666666;0.3125;0.5925925925925926;1.0;1.0;1.25;4.0;7.0;0.8;1.0;3.2;3.4;1.0;1.0;0.0;0.0;0.7563636363636363;0.16727272727272727;0.04;0.0;0.03636363636363636;0;1;0;0
4.0;0.0;0.0;0.0;1.0;0.0;0.3333333333333333;0.0;1.0;4.0;8.0;16.0;26.0;0.25;0.47058823529411764;0.5714285714285714;0.896551724137931;1.0;2.0;4.0;6.5;0.8;1.0;3.2;3.4;1.0;1.0;0.0;0.0;0.7727272727272727;0.15151515151515152;0.045454545454545456;0.0;0.030303030303030304;1;0;0;0
5.0;0.0;0.0;0.0;0.0;0.0;0.0;0.0;1.0;14.0;15.0;16.0;9.0;0.875;0.8823529411764706;0.8888888888888888;1.0;1.5555555555555556;1.6666666666666667;1.7777777777777777;1.0;1.75;1.875;2.0;0.875;0.0;0.0;0.0;1.0;0.8154506437768241;0.16738197424892703;0.008583690987124463;0.004291845493562232;0.004291845493562232;0;1;0;0
4.0;0.0;1.0;0.0;0.0;0.0;1.0;0.0;0.0;4.0;27.0;16.0;17.0;0.25;1.0;0.5714285714285714;0.5862068965517241;1.0;6.75;4.0;4.25;0.8;3.0;3.2;3.4;1.0;0.0;0.0;0.0;0.7419354838709677;0.16129032258064516;0.04838709677419355;0.012096774193548387;0.036290322580645164;1;0;0;0
4.0;0.0;1.0;0.0;0.0;0.0;1.0;0.0;0.0;4.0;23.0;16.0;17.0;0.3333333333333333;1.0;0.6666666666666666;0.68;1.0;5.75;4.0;4.25;0.8;3.0;3.2;3.4;1.0;0.0;0.0;0.0;0.7154471544715447;0.1991869918699187;0.032520325203252036;0.0;0.052845528455284556;1;0;0;0
5.0;0.0;0.0;0.0;0.0;0.2;1.0;0.0;0.0;15.0;10.0;16.0;7.0;0.75;0.9090909090909091;0.7272727272727273;0.5384615384615384;2.142857142857143;1.4285714285714286;2.2857142857142856;1.0;2.3333333333333335;0.8333333333333334;2.6666666666666665;1.1666666666666667;0.0;1.0;0.0;1.0;0.7589285714285714;0.17857142857142858;0.026785714285714284;0.004464285714285714;0.03125;0;0;0;1
4.0;0.0;0.0;0.0;0.0;0.0;0.0;0.0;1.0;4.0;15.0;16.0;19.0;0.6666666666666666;0.8823529411764706;0.8888888888888888;1.0;1.0;3.75;4.0;4.75;0.8;3.0;3.2;3.4;1.0;0.0;0.0;0.0;0.7920792079207921;0.18316831683168316;0.009900990099009901;0.0;0.01485148514851485;1;0;0;0
5.0;0.0;0.0;0.0;0.0;1.0;1.0;1.0;1.0;14.0;5.0;16.0;7.0;1.0;1.0;1.0;1.0;2.8;1.0;3.2;1.4;2.3333333333333335;0.8333333333333334;2.6666666666666665;1.1666666666666667;0.0;1.0;0.0;1.0;0.8152173913043478;0.11956521739130435;0.0;0.03260869565217391;0.03260869565217391;0;1;0;0
4.0;0.0;0.0;0.0;0.0;1.0;1.0;1.0;1.0;4.0;15.0;16.0;17.0;1.0;1.0;1.0;1.0;1.0;3.75;4.0;4.25;0.8;3.0;3.2;3.4;1.0;0.0;0.0;0.0;0.8242424242424242;0.15151515151515152;0.0;0.012121212121212121;0.012121212121212121;1;0;0;0
5.0;0.0;0.0;0.0;0.0;1.0;0.0;0.0;0.0;17.0;5.0;16.0;7.0;1.0;0.625;0.8421052631578947;0.7;3.4;1.0;3.2;1.4;2.3333333333333335;0.8333333333333334;2.6666666666666665;1.1666666666666667;0.0;1.0;0.0;1.0;0.8271604938271605;0.1419753086419753;0.018518518518518517;0.006172839506172839;0.006172839506172839;0;1;0;0
5.0;0.0;0.0;0.0;0.0;0.3333333333333333;1.0;0.0;0.0;15.0;8.0;16.0;7.0;0.8333333333333334;0.8888888888888888;0.8;0.6363636363636364;2.142857142857143;1.1428571428571428;2.2857142857142856;1.0;2.3333333333333335;0.8333333333333334;2.6666666666666665;1.1666666666666667;0.0;1.0;0.0;1.0;0.7831325301204819;0.1746987951807229;0.024096385542168676;0.0;0.018072289156626505;0;0;0;1
4.0;0.0;0.0;0.0;0.0;1.0;1.0;1.0;1.0;4.0;15.0;16.0;17.0;1.0;1.0;1.0;1.0;1.0;3.75;4.0;4.25;0.8;3.0;3.2;3.4;1.0;0.0;0.0;0.0;0.8682170542635659;0.08527131782945736;0.0;0.015503875968992248;0.031007751937984496;1;0;0;0
5.0;0.0;0.0;0.0;0.0;1.0;0.0;0.0;0.0;17.0;5.0;16.0;7.0;1.0;0.625;0.8421052631578947;0.7;3.4;1.0;3.2;1.4;2.3333333333333335;0.8333333333333334;2.6666666666666665;1.1666666666666667;0.0;1.0;0.0;1.0;0.873015873015873;0.07936507936507936;0.023809523809523808;0.007936507936507936;0.015873015873015872;0;1;0;0
4.0;0.0;0.0;0.0;0.0;1.0;1.0;1.0;1.0;4.0;15.0;16.0;17.0;1.0;1.0;1.0;1.0;1.0;3.75;4.0;4.25;0.8;3.0;3.2;3.4;1.0;0.0;0.0;0.0;0.8301886792452831;0.1320754716981132;0.0;0.0;0.03773584905660377;1;0;0;0
5.0;0.0;0.0;0.0;0.0;1.0;0.0;0.0;0.0;17.0;5.0;16.0;7.0;1.0;0.625;0.8421052631578947;0.7;3.4;1.0;3.2;1.4;2.3333333333333335;0.8333333333333334;2.6666666666666665;1.1666666666666667;0.0;1.0;0.0;1.0;0.8269230769230769;0.125;0.028846153846153848;0.0;0.019230769230769232;0;1;0;0
1.0;0.0;0.0;0.0;0.0;1.0;1.0;1.0;1.0;14.0;15.0;16.0;17.0;1.0;1.0;1.0;1.0;1.0;1.0714285714285714;1.1428571428571428;1.2142857142857142;0.9333333333333333;1.0;1.0666666666666667;1.1333333333333333;0.0;0.0;0.0;0.0;0.7160493827160493;0.2839506172839506;0.0;0.0;0.0;1;0;0;0
5.0;1.0;0.0;0.0;0.0;1.0;0.0;0.0;0.0;24.0;5.0;16.0;7.0;1.0;0.3333333333333333;0.6153846153846154;0.4117647058823529;4.8;1.0;3.2;1.4;2.3333333333333335;0.8333333333333334;2.6666666666666665;1.1666666666666667;0.0;1.0;0.0;1.0;0.5813953488372093;0.3023255813953488;0.11627906976744186;0.0;0.0;0;1;0;0
1.0;1.0;0.0;0.0;0.0;1.0;0.0;0.0;0.0;9.0;15.0;16.0;17.0;1.0;0.75;0.7619047619047619;0.7727272727272727;1.0;1.6666666666666667;1.7777777777777777;1.8888888888888888;0.8;3.0;3.2;3.4;1.0;0.0;0.0;0.0;0.5333333333333333;0.4;0.06666666666666667;0.0;0.0;0;0;1;0
1.0;0.0;0.0;1.0;0.0;0.0;0.0;1.0;0.0;4.0;15.0;16.0;17.0;0.2857142857142857;0.6;1.0;0.6296296296296297;1.0;3.75;4.0;4.25;0.8;3.0;1.2;3.4;1.0;0.0;1.0;0.0;0.5;0.23214285714285715;0.17857142857142858;0.05357142857142857;0.03571428571428571;1;0;0;0
1.0;0.0;0.0;0.0;0.0;0.0;0.0;1.0;0.0;4.0;15.0;10.0;17.0;0.5;0.7894736842105263;1.0;0.8095238095238095;1.0;3.75;2.5;4.25;0.8;3.0;1.2;3.4;1.0;0.0;1.0;0.0;0.34782608695652173;0.3695652173913043;0.08695652173913043;0.043478260869565216;0.15217391304347827;1;0;0;0
3.0;0.0;0.0;0.0;0.0;1.0;0.0;1.0;0.0;15.0;15.0;17.0;17.0;0.9375;0.8823529411764706;0.9444444444444444;0.8947368421052632;1.0;1.0;1.1333333333333333;1.1333333333333333;0.9333333333333333;1.0;1.0666666666666667;1.1333333333333333;0.0;0.0;0.0;0.0;0.18518518518518517;0.5370370370370371;0.037037037037037035;0.0;0.24074074074074073;0;0;0;1
5.0;0.0;0.0;0.0;0.0;0.0;0.0;0.0;1.0;14.0;5.0;16.0;21.0;0.7777777777777778;0.5555555555555556;0.8;1.0;2.8;1.0;3.2;4.2;2.3333333333333335;0.8333333333333334;2.6666666666666665;2.8333333333333335;0.0;1.0;0.0;0.0;0.0;0.8260869565217391;0.17391304347826086;0.0;0.0;0;1;0;0
3.0;0.0;0.0;0.0;0.0;0.0;1.0;0.0;0.0;14.0;16.0;16.0;7.0;0.9333333333333333;1.0;0.9411764705882353;0.875;2.0;2.2857142857142856;2.2857142857142856;1.0;1.75;1.875;2.0;0.875;0.0;0.0;0.0;1.0;0.0;0.9230769230769231;0.07692307692307693;0.0;0.0;0;0;0;1
2.0;0.0;0.0;0.0;0.0;0.0;0.0;0.0;1.0;14.0;15.0;16.0;23.0;0.7;0.7142857142857143;0.7272727272727273;1.0;1.0;1.0714285714285714;1.1428571428571428;1.6428571428571428;0.9333333333333333;1.0;1.0666666666666667;1.1333333333333333;0.0;0.0;0.0;0.0;0.0;0.55;0.3;0.15;0.0;0;1;0;0
2.0;0.0;0.0;0.0;0.0;0.0;1.0;0.0;0.0;14.0;8.0;16.0;17.0;0.8235294117647058;1.0;0.8421052631578947;0.85;1.75;1.0;2.0;2.125;2.3333333333333335;0.8333333333333334;2.6666666666666665;2.8333333333333335;0.0;1.0;0.0;0.0;0.0;0.0;0.25;0.0;0.75;0;1;0;0
