# ('scenarios/K0/', 'solution/K0_best/', 's25.csv', 'Best_GA_Solution_null_fixed_100P5F_60T28U_1_s25.csv.csv', {'id': 1, 'cells': [{'id': 1, 'resources': [{'id': 1, 'process_times': [10, 8, 12, 11, 9], 'setup_times': [2, 5, 12, 19, 8]}, {'id': 2, 'process_times': [12, 10, 14, 7, 16], 'setup_times': [4, 11, 28, 12, 20]}]}, {'id': 2, 'resources': [{'id': 1, 'process_times': [2, 4, 4, 2, 7], 'setup_times': [10, 18, 12, 22, 15]}, {'id': 2, 'process_times': [7, 6, 6, 6, 4], 'setup_times': [12, 14, 20, 17, 22]}, {'id': 3, 'process_times': [3, 2, 6, 6, 2], 'setup_times': [20, 18, 16, 16, 12]}]}, {'id': 3, 'resources': [{'id': 1, 'process_times': [10, 8, 12, 11, 9], 'setup_times': [19, 20, 24, 18, 15]}, {'id': 2, 'process_times': [8, 12, 10, 8, 14], 'setup_times': [15, 28, 24, 20, 19]}]}]}, 3, 150, 225, None)
iteration,meilleur_voisin_courant,meilleur_voisin_global
0,661.23,661.23
1,636.12,636.12
2,613.07,613.07
3,598.64,598.64
4,583.55,583.55
5,571.92,571.92
6,560.52,560.52
7,544.01,544.01
8,538.5,538.5
9,533.19,533.19
10,528.41,528.41
11,525.04,525.04
12,522.1,522.1
13,520.33,520.33
14,518.49,518.49
15,514.69,514.69
16,513.63,513.63
17,512.52,512.52
18,506.16,506.16
19,505.39,505.39
20,504.23,504.23
21,503.67,503.67
22,503.26,503.26
23,502.91,502.91
24,502.91,502.91
25,502.91,502.91
26,502.91,502.91
27,501.42,501.42
28,501.42,501.42
29,498.68,498.68
30,497.25,497.25
31,496.71,496.71
32,496.7,496.7
33,496.7,496.7
34,496.7,496.7
35,496.7,496.7
36,496.7,496.7
37,496.7,496.7
38,496.7,496.7
39,496.7,496.7
40,496.7,496.7
41,496.7,496.7
42,496.7,496.7
43,496.7,496.7
44,496.7,496.7
45,496.7,496.7
46,496.7,496.7
47,496.7,496.7
48,496.7,496.7
49,496.7,496.7
50,496.7,496.7
51,496.7,496.7
52,496.7,496.7
53,496.7,496.7
54,496.7,496.7
55,493.53,493.53
56,491.91,491.91
57,491.91,491.91
58,490.94,490.94
59,490.28,490.28
60,490.28,490.28
61,490.28,490.28
62,490.28,490.28
63,490.28,490.28
64,490.28,490.28
65,490.28,490.28
66,490.28,490.28
67,490.28,490.28
68,490.28,490.28
69,490.28,490.28
70,490.28,490.28
71,490.28,490.28
72,490.28,490.28
73,490.28,490.28
74,490.28,490.28
75,490.28,490.28
76,490.28,490.28
77,490.28,490.28
78,490.28,490.28
79,488.21,488.21
80,488.21,488.21
81,488.21,488.21
82,488.21,488.21
83,488.21,488.21
84,488.21,488.21
85,488.21,488.21
86,488.21,488.21
87,488.21,488.21
88,488.21,488.21
89,488.21,488.21
90,488.21,488.21
91,488.12,488.12
92,488.12,488.12
93,488.12,488.12
94,488.12,488.12
95,488.12,488.12
96,488.12,488.12
97,488.12,488.12
98,488.01,488.01
99,485.62,485.62
100,485.62,485.62
101,485.62,485.62
102,485.62,485.62
103,485.62,485.62
104,485.62,485.62
105,485.62,485.62
106,485.62,485.62
107,485.62,485.62
108,485.62,485.62
109,485.62,485.62
110,485.62,485.62
111,485.62,485.62
112,485.62,485.62
113,485.62,485.62
114,485.62,485.62
115,485.62,485.62
116,485.62,485.62
117,485.62,485.62
118,485.62,485.62
119,485.62,485.62
120,485.62,485.62
121,485.62,485.62
122,485.62,485.62
123,485.62,485.62
124,485.65,485.62
125,485.68,485.62
126,485.62,485.62
127,485.68,485.62
128,485.68,485.62
129,485.5,485.5
130,485.41,485.41
131,485.41,485.41
132,485.41,485.41
133,485.41,485.41
134,485.41,485.41
135,485.41,485.41
136,485.41,485.41
137,485.41,485.41
138,485.41,485.41
139,485.41,485.41
140,485.41,485.41
141,485.41,485.41
142,485.41,485.41
143,485.41,485.41
144,485.41,485.41
145,485.41,485.41
146,485.41,485.41
147,485.41,485.41
148,485.41,485.41
149,485.41,485.41
150,485.41,485.41
151,485.41,485.41
152,485.41,485.41
153,485.41,485.41
154,485.41,485.41
155,485.41,485.41
156,485.41,485.41
157,485.41,485.41
158,485.41,485.41
159,485.41,485.41
160,485.41,485.41
161,485.41,485.41
162,485.41,485.41
163,485.41,485.41
164,485.41,485.41
165,485.41,485.41
166,485.41,485.41
167,485.41,485.41
168,485.41,485.41
169,485.41,485.41
170,485.41,485.41
171,485.41,485.41
172,485.41,485.41
173,485.41,485.41
174,485.21,485.21
175,485.21,485.21
176,485.21,485.21
177,485.21,485.21
178,485.21,485.21
179,485.21,485.21
180,485.21,485.21
181,485.21,485.21
182,485.23,485.21
183,485.25,485.21
184,485.25,485.21
185,485.25,485.21
186,485.25,485.21
187,485.25,485.21
188,485.25,485.21
189,485.25,485.21
190,485.25,485.21
191,485.25,485.21
192,485.25,485.21
193,485.25,485.21
194,485.25,485.21
195,485.37,485.21
196,485.25,485.21
197,485.25,485.21
198,485.25,485.21
199,485.25,485.21
200,485.25,485.21
201,485.25,485.21
202,485.25,485.21
203,485.25,485.21
204,485.25,485.21
205,485.25,485.21
206,485.25,485.21
207,485.25,485.21
208,485.25,485.21
209,485.25,485.21
210,485.25,485.21
211,485.25,485.21
212,485.25,485.21
213,485.25,485.21
214,485.25,485.21
215,484.72,484.72
216,484.72,484.72
217,484.72,484.72
218,484.72,484.72
219,484.72,484.72
220,484.72,484.72
221,484.72,484.72
222,484.72,484.72
223,484.72,484.72
224,484.72,484.72
225,484.72,484.72
226,484.72,484.72
227,484.72,484.72
228,484.72,484.72
229,484.72,484.72
230,484.72,484.72
231,484.72,484.72
232,484.72,484.72
233,484.72,484.72
234,484.72,484.72
235,484.72,484.72
236,484.72,484.72
237,484.72,484.72
238,484.72,484.72
239,484.72,484.72
240,484.72,484.72
241,484.72,484.72
242,484.72,484.72
243,484.72,484.72
244,484.72,484.72
245,484.72,484.72
246,483.57,483.57
247,482.31,482.31
248,480.84,480.84
249,480.83,480.83
250,480.83,480.83
251,480.83,480.83
252,480.83,480.83
253,480.83,480.83
254,480.83,480.83
255,480.83,480.83
256,480.83,480.83
257,480.83,480.83
258,480.83,480.83
259,480.83,480.83
260,480.83,480.83
261,480.83,480.83
262,480.83,480.83
263,480.83,480.83
264,480.83,480.83
265,480.83,480.83
266,480.83,480.83
267,480.83,480.83
268,480.83,480.83
269,480.83,480.83
270,480.83,480.83
271,480.83,480.83
272,480.83,480.83
273,480.83,480.83
274,480.83,480.83
275,480.83,480.83
276,480.83,480.83
277,480.83,480.83
278,480.83,480.83
279,480.83,480.83
280,480.83,480.83
281,480.83,480.83
282,480.83,480.83
283,480.83,480.83
284,480.83,480.83
285,480.83,480.83
286,480.83,480.83
287,480.83,480.83
288,480.83,480.83
289,480.83,480.83
290,480.79,480.79
291,480.79,480.79
292,480.79,480.79
293,480.79,480.79
294,480.79,480.79
295,480.79,480.79
296,480.79,480.79
297,480.79,480.79
298,480.79,480.79
299,480.79,480.79
300,480.79,480.79
301,480.79,480.79
302,480.79,480.79
303,480.79,480.79
304,480.79,480.79
305,480.79,480.79
306,480.79,480.79
307,480.79,480.79
308,480.79,480.79
309,480.79,480.79
310,480.88,480.79
311,480.79,480.79
312,480.79,480.79
313,480.79,480.79
314,480.82,480.79
315,480.72,480.72
316,480.67,480.67
317,480.67,480.67
318,480.67,480.67
319,480.67,480.67
320,480.67,480.67
321,480.72,480.67
322,480.74,480.67
323,480.74,480.67
324,480.74,480.67
325,480.74,480.67
326,480.74,480.67
327,480.74,480.67
328,480.74,480.67
329,480.48,480.48
330,480.48,480.48
331,480.48,480.48
332,480.48,480.48
333,479.82,479.82
334,479.2,479.2
335,478.87,478.87
336,478.87,478.87
337,478.87,478.87
338,478.87,478.87
339,478.87,478.87
340,478.87,478.87
341,478.87,478.87
342,478.87,478.87
343,478.87,478.87
344,478.87,478.87
345,478.87,478.87
346,478.87,478.87
347,478.87,478.87
348,478.87,478.87
349,478.87,478.87
350,478.87,478.87
351,478.87,478.87
352,478.38,478.38
353,478.38,478.38
354,478.38,478.38
355,478.38,478.38
356,478.38,478.38
357,478.38,478.38
358,478.14,478.14
359,477.41,477.41
360,475.88,475.88
361,475.64,475.64
362,475.64,475.64
363,475.64,475.64
364,475.64,475.64
365,475.64,475.64
366,475.64,475.64
367,475.64,475.64
368,475.64,475.64
369,475.64,475.64
370,475.64,475.64
371,475.64,475.64
372,475.64,475.64
373,475.64,475.64
374,472.92,472.92
375,472.92,472.92
376,472.57,472.57
377,471.9,471.9
378,471.9,471.9
379,471.9,471.9
380,471.69,471.69
381,471.69,471.69
382,471.69,471.69
383,471.69,471.69
384,471.69,471.69
385,471.69,471.69
386,471.69,471.69
387,471.69,471.69
388,471.5,471.5
389,471.5,471.5
390,471.5,471.5
391,471.41,471.41
392,471.41,471.41
393,471.41,471.41
394,471.41,471.41
395,471.41,471.41
396,469.75,469.75
397,469.7,469.7
398,469.7,469.7
399,469.7,469.7
400,469.7,469.7
401,469.7,469.7
402,469.7,469.7
403,469.61,469.61
404,469.61,469.61
405,469.61,469.61
406,469.61,469.61
407,469.61,469.61
408,469.61,469.61
409,469.61,469.61
410,469.64,469.61
411,469.61,469.61
412,469.61,469.61
413,469.67,469.61
414,469.77,469.61
415,469.76,469.61
416,469.67,469.61
417,469.67,469.61
418,469.67,469.61
419,469.67,469.61
420,469.76,469.61
421,469.76,469.61
422,469.75,469.61
423,469.75,469.61
424,469.75,469.61
425,469.67,469.61
426,469.76,469.61
427,469.67,469.61
428,469.67,469.61
429,469.6,469.6
430,469.46,469.46
431,469.53,469.46
432,469.46,469.46
433,469.46,469.46
434,469.46,469.46
435,469.46,469.46
436,469.46,469.46
437,469.46,469.46
438,469.46,469.46
439,469.46,469.46
440,469.46,469.46
441,469.46,469.46
442,469.46,469.46
443,469.46,469.46
444,469.46,469.46
445,469.46,469.46
446,469.46,469.46
447,469.46,469.46
448,469.46,469.46
449,469.46,469.46
450,469.46,469.46
451,469.46,469.46
452,469.46,469.46
453,469.46,469.46
454,469.46,469.46
455,469.48,469.46
456,469.48,469.46
457,469.48,469.46
458,469.48,469.46
459,469.48,469.46
460,469.48,469.46
461,469.43,469.43
462,469.43,469.43
463,469.43,469.43
464,469.43,469.43
465,469.43,469.43
466,469.43,469.43
467,469.46,469.43
468,469.43,469.43
469,469.47,469.43
470,469.43,469.43
471,469.32,469.32
472,469.32,469.32
473,469.32,469.32
474,469.32,469.32
475,469.32,469.32
476,469.32,469.32
477,469.32,469.32
478,469.32,469.32
479,469.32,469.32
480,469.32,469.32
481,469.32,469.32
482,469.32,469.32
483,469.32,469.32
484,469.32,469.32
485,469.32,469.32
486,469.32,469.32
487,469.32,469.32
488,469.32,469.32
489,469.32,469.32
490,469.34,469.32
491,469.45,469.32
492,469.43,469.32
493,469.43,469.32
494,469.43,469.32
495,469.43,469.32
496,469.43,469.32
497,469.43,469.32
498,469.44,469.32
499,469.65,469.32
500,469.44,469.32
501,469.48,469.32
502,469.72,469.32
503,469.48,469.32
504,469.58,469.32
505,469.58,469.32
506,469.84,469.32
507,469.84,469.32
508,470.17,469.32
509,470.17,469.32
510,470.17,469.32
511,470.17,469.32
512,470.49,469.32
513,470.78,469.32
514,470.55,469.32
515,470.55,469.32
516,470.55,469.32
517,470.55,469.32
518,470.47,469.32
519,470.03,469.32
520,469.51,469.32
521,469.51,469.32
522,469.51,469.32
523,469.51,469.32
524,469.51,469.32
525,469.51,469.32
526,469.51,469.32
527,469.51,469.32
528,469.51,469.32
529,469.51,469.32
530,469.75,469.32
531,469.51,469.32
532,469.5,469.32
533,469.5,469.32
534,469.42,469.32
535,469.42,469.32
536,469.42,469.32
537,469.42,469.32
538,469.42,469.32
539,469.42,469.32
540,469.42,469.32
541,469.42,469.32
542,469.42,469.32
543,469.42,469.32
544,469.42,469.32
545,469.42,469.32
546,469.42,469.32
547,469.43,469.32
548,469.47,469.32
549,469.43,469.32
550,469.43,469.32
551,469.43,469.32
552,469.43,469.32
553,469.43,469.32
554,469.49,469.32
555,469.49,469.32
556,469.88,469.32
557,469.65,469.32
558,469.54,469.32
559,469.54,469.32
560,469.54,469.32
561,469.54,469.32
562,469.76,469.32
563,469.76,469.32
564,469.91,469.32
565,469.54,469.32
566,469.53,469.32
567,469.96,469.32
568,469.44,469.32
569,469.44,469.32
570,469.91,469.32
571,469.42,469.32
572,469.42,469.32
573,469.42,469.32
574,469.79,469.32
575,469.42,469.32
576,469.92,469.32
577,469.92,469.32
578,469.92,469.32
579,469.97,469.32
580,469.97,469.32
581,469.92,469.32
582,469.92,469.32
583,470.0,469.32
584,470.0,469.32
585,470.07,469.32
586,469.66,469.32
587,469.54,469.32
588,469.54,469.32
589,469.54,469.32
590,469.54,469.32
591,469.7,469.32
592,469.79,469.32
593,469.67,469.32
594,469.67,469.32
595,469.59,469.32
596,469.62,469.32
597,469.62,469.32
598,469.34,469.32
599,469.72,469.32
600,469.37,469.32
601,469.32,469.32
602,469.04,469.04
603,469.04,469.04
604,469.04,469.04
605,469.04,469.04
606,469.04,469.04
607,469.04,469.04
608,469.04,469.04
609,469.04,469.04
610,469.04,469.04
611,469.04,469.04
612,469.04,469.04
613,469.04,469.04
614,469.04,469.04
615,469.04,469.04
616,469.04,469.04
617,469.04,469.04
618,469.04,469.04
619,469.04,469.04
620,469.04,469.04
621,469.04,469.04
622,469.04,469.04
623,469.04,469.04
624,469.04,469.04
625,469.04,469.04
626,469.04,469.04
627,469.04,469.04
628,469.04,469.04
629,469.04,469.04
630,469.04,469.04
631,469.04,469.04
632,469.04,469.04
633,469.04,469.04
634,469.04,469.04
635,469.04,469.04
636,469.04,469.04
637,469.04,469.04
638,469.04,469.04
639,469.04,469.04
640,469.04,469.04
641,469.04,469.04
642,469.04,469.04
643,469.04,469.04
644,469.04,469.04
645,469.04,469.04
646,469.04,469.04
647,469.04,469.04
648,468.83,468.83
649,468.83,468.83
650,468.83,468.83
651,468.83,468.83
652,468.83,468.83
653,468.83,468.83
654,468.83,468.83
655,468.71,468.71
656,468.71,468.71
657,468.71,468.71
658,468.71,468.71
659,468.71,468.71
660,468.71,468.71
661,468.71,468.71
662,468.71,468.71
663,468.71,468.71
664,468.71,468.71
665,468.71,468.71
666,468.71,468.71
667,468.71,468.71
668,468.71,468.71
669,468.55,468.55
670,468.55,468.55
671,468.55,468.55
672,468.55,468.55
673,468.55,468.55
674,468.55,468.55
675,468.55,468.55
676,468.55,468.55
677,468.57,468.55
678,468.61,468.55
679,468.57,468.55
680,468.57,468.55
681,468.57,468.55
682,468.57,468.55
683,468.57,468.55
684,468.65,468.55
685,468.57,468.55
686,468.57,468.55
687,468.57,468.55
688,468.57,468.55
689,468.57,468.55
690,468.57,468.55
691,468.55,468.55
692,468.55,468.55
693,468.55,468.55
694,468.55,468.55
695,468.55,468.55
696,468.55,468.55
697,468.55,468.55
698,468.57,468.55
699,468.69,468.55
700,468.57,468.55
701,468.57,468.55
702,468.57,468.55
703,468.79,468.55
704,468.79,468.55
705,468.5,468.5
706,468.5,468.5
707,468.5,468.5
708,468.5,468.5
709,468.5,468.5
710,468.5,468.5
711,468.5,468.5
712,468.5,468.5
713,468.5,468.5
714,468.5,468.5
715,468.65,468.5
716,468.9,468.5
717,468.65,468.5
718,468.65,468.5
719,468.65,468.5
720,468.65,468.5
721,468.94,468.5
722,468.94,468.5
723,469.29,468.5
724,468.89,468.5
725,469.07,468.5
726,469.24,468.5
727,469.17,468.5
728,469.11,468.5
729,469.11,468.5
730,469.11,468.5
731,469.11,468.5
732,469.11,468.5
733,469.11,468.5
734,469.11,468.5
735,469.23,468.5
736,469.42,468.5
737,469.45,468.5
738,469.23,468.5
739,469.23,468.5
740,469.23,468.5
741,469.44,468.5
742,469.39,468.5
743,469.39,468.5
744,469.43,468.5
745,469.39,468.5
746,469.38,468.5
747,469.36,468.5
748,469.36,468.5
749,469.36,468.5
750,469.52,468.5
751,469.67,468.5
752,469.99,468.5
753,469.69,468.5
754,469.62,468.5
755,469.62,468.5
756,469.62,468.5
757,469.62,468.5
758,469.62,468.5
759,469.62,468.5
760,469.71,468.5
761,469.81,468.5
762,469.83,468.5
763,469.83,468.5
764,470.02,468.5
765,469.95,468.5
766,469.95,468.5
767,469.95,468.5
768,469.95,468.5
769,469.95,468.5
770,469.95,468.5
771,469.95,468.5
772,470.01,468.5
773,469.73,468.5
774,469.85,468.5
775,470.05,468.5
776,470.15,468.5
777,470.05,468.5
778,470.05,468.5
779,470.05,468.5
780,470.05,468.5
781,470.09,468.5
782,470.05,468.5
783,470.09,468.5
784,470.15,468.5
785,470.35,468.5
786,470.47,468.5
787,470.01,468.5
788,470.01,468.5
789,470.01,468.5
790,470.25,468.5
791,470.53,468.5
792,470.9,468.5
793,470.53,468.5
794,470.53,468.5
795,470.53,468.5
796,470.53,468.5
797,470.53,468.5
798,470.53,468.5
799,470.53,468.5
800,470.53,468.5
801,470.53,468.5
802,470.53,468.5
803,470.53,468.5
804,470.36,468.5
805,470.36,468.5
806,470.24,468.5
807,470.24,468.5
808,470.24,468.5
809,470.28,468.5
810,470.24,468.5
811,470.11,468.5
812,469.99,468.5
813,469.97,468.5
814,469.58,468.5
815,469.58,468.5
816,469.58,468.5
817,469.58,468.5
818,469.58,468.5
819,469.97,468.5
820,469.58,468.5
821,469.74,468.5
822,469.74,468.5
823,469.74,468.5
824,469.74,468.5
825,469.74,468.5
826,469.82,468.5
827,469.74,468.5
828,470.13,468.5
829,470.13,468.5
830,470.13,468.5
831,470.53,468.5
832,470.98,468.5
833,470.53,468.5
834,470.53,468.5
835,470.53,468.5
836,470.53,468.5
837,470.53,468.5
838,470.53,468.5
839,470.53,468.5
840,470.53,468.5
841,470.53,468.5
842,470.53,468.5
843,470.53,468.5
844,470.53,468.5
845,470.53,468.5
846,470.53,468.5
847,470.53,468.5
848,470.07,468.5
849,470.07,468.5
850,469.91,468.5
851,469.91,468.5
852,469.91,468.5
853,469.91,468.5
854,469.91,468.5
855,469.91,468.5
856,469.69,468.5
857,469.69,468.5
858,469.69,468.5
859,469.69,468.5
860,469.69,468.5
861,469.75,468.5
862,469.75,468.5
863,469.89,468.5
864,470.17,468.5
865,470.67,468.5
866,470.17,468.5
867,470.67,468.5
868,470.07,468.5
869,470.07,468.5
870,470.65,468.5
871,470.04,468.5
872,470.06,468.5
873,469.84,468.5
874,469.84,468.5
875,469.84,468.5
876,469.84,468.5
877,469.84,468.5
878,469.84,468.5
879,469.84,468.5
880,469.84,468.5
881,469.84,468.5
882,469.84,468.5
883,469.84,468.5
884,469.84,468.5
885,469.84,468.5
886,469.7,468.5
887,469.7,468.5
888,469.7,468.5
889,469.7,468.5
890,469.7,468.5
891,469.7,468.5
892,469.7,468.5
893,469.7,468.5
894,469.7,468.5
895,469.7,468.5
896,469.7,468.5
897,469.73,468.5
898,469.7,468.5
899,469.7,468.5
900,469.7,468.5
901,470.08,468.5
902,469.7,468.5
903,470.08,468.5
904,469.73,468.5
905,469.77,468.5
906,469.77,468.5
907,469.77,468.5
908,469.77,468.5
909,469.8,468.5
910,469.77,468.5
911,469.73,468.5
912,469.56,468.5
913,469.56,468.5
914,469.56,468.5
915,469.56,468.5
916,469.44,468.5
917,469.44,468.5
918,469.44,468.5
919,469.16,468.5
920,469.16,468.5
921,469.16,468.5
922,469.16,468.5
923,469.16,468.5
924,469.16,468.5
925,469.16,468.5
926,469.16,468.5
927,468.97,468.5
928,468.26,468.26
929,467.74,467.74
930,467.66,467.66
931,467.66,467.66
932,467.62,467.62
933,467.62,467.62
934,467.62,467.62
935,467.62,467.62
936,467.62,467.62
937,467.62,467.62
938,467.62,467.62
939,467.62,467.62
940,467.53,467.53
941,467.53,467.53
942,467.53,467.53
943,467.53,467.53
944,467.53,467.53
945,467.53,467.53
946,467.53,467.53
947,467.53,467.53
948,467.53,467.53
949,467.53,467.53
950,467.53,467.53
951,467.53,467.53
952,467.55,467.53
953,467.02,467.02
954,467.02,467.02
955,467.02,467.02
956,467.02,467.02
957,467.02,467.02
958,467.02,467.02
959,467.02,467.02
960,467.02,467.02
961,467.02,467.02
962,466.52,466.52
963,466.57,466.52
964,466.52,466.52
965,466.52,466.52
966,466.52,466.52
967,466.52,466.52
968,466.52,466.52
969,466.52,466.52
970,466.52,466.52
971,466.52,466.52
972,466.52,466.52
973,466.52,466.52
974,466.52,466.52
975,466.36,466.36
976,466.36,466.36
977,466.36,466.36
978,466.36,466.36
979,466.36,466.36
980,466.36,466.36
981,466.36,466.36
982,466.36,466.36
983,466.36,466.36
984,466.36,466.36
985,466.36,466.36
986,466.36,466.36
987,466.36,466.36
988,466.36,466.36
989,466.0,466.0
990,466.0,466.0
991,466.0,466.0
992,466.0,466.0
993,466.0,466.0
994,466.0,466.0
995,466.0,466.0
996,466.0,466.0
997,466.0,466.0
998,466.0,466.0
999,466.0,466.0
1000,466.0,466.0
1001,466.0,466.0
1002,466.0,466.0
1003,466.0,466.0
1004,466.0,466.0
1005,466.0,466.0
1006,466.0,466.0
1007,466.0,466.0
1008,466.0,466.0
1009,466.0,466.0
1010,466.0,466.0
1011,466.0,466.0
1012,466.0,466.0
1013,466.0,466.0
1014,466.0,466.0
1015,466.0,466.0
1016,465.97,465.97
1017,465.97,465.97
1018,465.97,465.97
1019,465.97,465.97
1020,465.97,465.97
1021,465.97,465.97
1022,465.97,465.97
1023,465.97,465.97
1024,465.97,465.97
1025,465.97,465.97
1026,465.97,465.97
1027,465.97,465.97
1028,465.97,465.97
1029,465.97,465.97
1030,465.97,465.97
1031,465.97,465.97
1032,465.88,465.88
1033,465.88,465.88
1034,465.88,465.88
1035,465.88,465.88
1036,465.88,465.88
1037,465.88,465.88
1038,465.88,465.88
1039,465.88,465.88
1040,465.88,465.88
1041,465.88,465.88
1042,465.88,465.88
1043,465.88,465.88
1044,465.88,465.88
1045,465.88,465.88
1046,465.88,465.88
1047,465.94,465.88
1048,466.1,465.88
1049,465.94,465.88
1050,465.94,465.88
1051,465.94,465.88
1052,465.94,465.88
1053,465.94,465.88
1054,465.94,465.88
1055,465.94,465.88
1056,465.94,465.88
1057,465.94,465.88
1058,465.94,465.88
1059,465.94,465.88
1060,465.94,465.88
1061,465.94,465.88
1062,465.94,465.88
1063,466.11,465.88
1064,466.09,465.88
1065,465.94,465.88
1066,465.95,465.88
1067,466.18,465.88
1068,466.14,465.88
1069,466.14,465.88
1070,466.13,465.88
1071,466.13,465.88
1072,466.13,465.88
1073,466.13,465.88
1074,466.13,465.88
1075,466.13,465.88
1076,466.13,465.88
1077,466.13,465.88
1078,466.13,465.88
1079,466.13,465.88
1080,466.13,465.88
1081,466.13,465.88
1082,466.13,465.88
1083,466.13,465.88
1084,466.22,465.88
1085,466.06,465.88
1086,466.06,465.88
1087,466.06,465.88
1088,466.06,465.88
1089,466.06,465.88
1090,466.06,465.88
1091,466.06,465.88
1092,466.06,465.88
1093,466.06,465.88
1094,466.06,465.88
1095,466.06,465.88
1096,466.06,465.88
1097,466.06,465.88
1098,466.06,465.88
1099,466.06,465.88
1100,466.06,465.88
1101,466.06,465.88
1102,466.06,465.88
1103,466.06,465.88
1104,466.06,465.88
1105,466.06,465.88
1106,466.06,465.88
1107,466.06,465.88
1108,466.06,465.88
1109,466.06,465.88
1110,466.06,465.88
1111,466.17,465.88
1112,466.17,465.88
1113,466.17,465.88
1114,466.17,465.88
1115,466.22,465.88
1116,466.06,465.88
1117,466.06,465.88
1118,466.06,465.88
1119,466.06,465.88
1120,466.16,465.88
1121,466.16,465.88
1122,466.22,465.88
1123,466.21,465.88
1124,466.39,465.88
1125,466.39,465.88
1126,466.02,465.88
1127,466.02,465.88
1128,466.02,465.88
1129,466.02,465.88
1130,466.02,465.88
1131,466.02,465.88
1132,466.02,465.88
1133,466.02,465.88
1134,466.02,465.88
1135,466.02,465.88
1136,466.02,465.88
1137,466.02,465.88
1138,466.02,465.88
1139,466.02,465.88
1140,466.0,465.88
1141,466.0,465.88
1142,466.0,465.88
1143,466.0,465.88
1144,466.0,465.88
1145,466.0,465.88
1146,466.0,465.88
1147,466.0,465.88
1148,466.0,465.88
1149,466.0,465.88
1150,466.0,465.88
1151,466.0,465.88
1152,466.0,465.88
1153,466.0,465.88
1154,466.0,465.88
1155,466.0,465.88
1156,466.0,465.88
1157,466.0,465.88
1158,466.0,465.88
1159,466.0,465.88
1160,466.0,465.88
1161,466.0,465.88
1162,466.0,465.88
1163,466.0,465.88
1164,466.0,465.88
1165,466.0,465.88
1166,466.0,465.88
1167,466.0,465.88
1168,466.0,465.88
1169,465.76,465.76
1170,465.76,465.76
1171,465.76,465.76
1172,465.76,465.76
1173,465.76,465.76
1174,465.76,465.76
1175,465.76,465.76
1176,465.76,465.76
1177,465.92,465.76
1178,465.92,465.76
1179,465.92,465.76
1180,466.13,465.76
1181,465.92,465.76
1182,466.13,465.76
1183,466.13,465.76
1184,466.37,465.76
1185,466.37,465.76
1186,466.13,465.76
1187,466.13,465.76
1188,466.13,465.76
1189,466.13,465.76
1190,466.13,465.76
1191,466.13,465.76
1192,466.13,465.76
1193,466.13,465.76
1194,466.37,465.76
1195,466.13,465.76
1196,466.41,465.76
1197,466.41,465.76
1198,466.41,465.76
1199,466.41,465.76
1200,466.41,465.76
1201,466.41,465.76
1202,466.2,465.76
1203,466.2,465.76
1204,466.2,465.76
1205,466.2,465.76
1206,466.2,465.76
1207,466.2,465.76
1208,466.2,465.76
1209,466.2,465.76
1210,466.2,465.76
1211,466.2,465.76
1212,466.2,465.76
1213,466.2,465.76
1214,465.92,465.76
1215,465.92,465.76
1216,465.92,465.76
1217,465.92,465.76
1218,465.92,465.76
1219,465.92,465.76
1220,465.92,465.76
1221,465.92,465.76
1222,465.92,465.76
1223,465.92,465.76
1224,465.92,465.76
1225,465.92,465.76
1226,465.92,465.76
1227,465.92,465.76
1228,466.16,465.76
1229,465.92,465.76
1230,465.92,465.76
1231,465.92,465.76
1232,465.92,465.76
1233,465.92,465.76
1234,465.92,465.76
1235,465.92,465.76
1236,465.92,465.76
1237,465.92,465.76
1238,465.92,465.76
1239,465.92,465.76
1240,465.92,465.76
1241,465.92,465.76
1242,465.92,465.76
1243,465.92,465.76
1244,465.92,465.76
1245,465.92,465.76
1246,465.92,465.76
1247,465.92,465.76
1248,465.92,465.76
1249,465.92,465.76
1250,465.92,465.76
1251,465.92,465.76
1252,465.92,465.76
1253,465.45,465.45
1254,465.45,465.45
1255,465.45,465.45
1256,465.45,465.45
1257,465.45,465.45
1258,465.45,465.45
1259,465.45,465.45
1260,465.45,465.45
1261,465.45,465.45
1262,465.45,465.45
1263,465.45,465.45
1264,465.45,465.45
1265,465.45,465.45
1266,465.45,465.45
1267,465.45,465.45
1268,465.45,465.45
1269,465.45,465.45
1270,465.45,465.45
1271,465.45,465.45
1272,465.45,465.45
1273,465.45,465.45
1274,465.45,465.45
1275,465.45,465.45
1276,465.45,465.45
1277,465.45,465.45
1278,465.45,465.45
1279,465.45,465.45
1280,465.45,465.45
1281,465.45,465.45
1282,465.45,465.45
1283,465.45,465.45
1284,465.45,465.45
1285,465.45,465.45
1286,465.45,465.45
1287,465.45,465.45
1288,465.45,465.45
1289,465.45,465.45
1290,465.45,465.45
1291,465.45,465.45
1292,465.45,465.45
1293,465.45,465.45
1294,465.45,465.45
1295,465.45,465.45
1296,465.45,465.45
1297,465.45,465.45
1298,465.45,465.45
1299,465.45,465.45
1300,465.45,465.45
1301,465.45,465.45
1302,465.45,465.45
1303,465.45,465.45
1304,465.45,465.45
1305,465.45,465.45
1306,465.45,465.45
1307,465.45,465.45
1308,465.45,465.45
1309,465.45,465.45
1310,465.45,465.45
1311,465.45,465.45
1312,465.45,465.45
1313,465.45,465.45
1314,465.45,465.45
1315,465.45,465.45
1316,465.45,465.45
1317,463.3,463.3
1318,463.23,463.23
1319,463.23,463.23
1320,463.23,463.23
1321,463.23,463.23
1322,463.23,463.23
1323,463.23,463.23
1324,463.23,463.23
1325,463.23,463.23
1326,463.23,463.23
1327,463.23,463.23
1328,463.23,463.23
1329,463.23,463.23
1330,463.23,463.23
1331,463.07,463.07
1332,463.07,463.07
1333,463.07,463.07
1334,463.07,463.07
1335,463.07,463.07
1336,463.07,463.07
1337,463.07,463.07
1338,463.07,463.07
1339,463.07,463.07
1340,463.07,463.07
1341,463.07,463.07
1342,463.07,463.07
1343,463.07,463.07
1344,463.07,463.07
1345,463.07,463.07
1346,463.07,463.07
1347,463.07,463.07
1348,463.07,463.07
1349,463.07,463.07
1350,463.07,463.07
1351,463.07,463.07
1352,463.07,463.07
1353,463.07,463.07
1354,463.07,463.07
1355,463.07,463.07
1356,463.07,463.07
1357,463.07,463.07
1358,463.07,463.07
1359,463.07,463.07
1360,463.07,463.07
1361,463.07,463.07
1362,463.07,463.07
1363,463.07,463.07
1364,463.07,463.07
1365,463.07,463.07
1366,463.07,463.07
1367,463.07,463.07
1368,463.07,463.07
1369,463.07,463.07
1370,463.07,463.07
1371,463.1,463.07
1372,463.07,463.07
1373,463.07,463.07
1374,463.07,463.07
1375,462.94,462.94
1376,462.71,462.71
1377,462.71,462.71
1378,462.71,462.71
1379,462.71,462.71
1380,462.71,462.71
1381,462.7,462.7
1382,462.7,462.7
1383,462.7,462.7
1384,462.7,462.7
1385,462.7,462.7
1386,462.68,462.68
1387,462.66,462.66
1388,462.66,462.66
1389,462.66,462.66
1390,462.66,462.66
1391,462.66,462.66
1392,462.66,462.66
1393,462.66,462.66
1394,462.66,462.66
1395,462.66,462.66
1396,462.66,462.66
1397,462.66,462.66
1398,462.66,462.66
1399,462.67,462.66
1400,462.67,462.66
1401,462.69,462.66
1402,462.75,462.66
1403,462.82,462.66
1404,462.87,462.66
1405,462.87,462.66
1406,462.87,462.66
1407,462.87,462.66
1408,462.87,462.66
1409,462.87,462.66
1410,462.87,462.66
1411,462.87,462.66
1412,462.87,462.66
1413,463.11,462.66
1414,462.87,462.66
1415,462.87,462.66
1416,463.11,462.66
1417,462.87,462.66
1418,462.87,462.66
1419,462.87,462.66
1420,462.87,462.66
1421,462.87,462.66
1422,462.87,462.66
1423,462.87,462.66
1424,463.2,462.66
1425,463.2,462.66
1426,463.57,462.66
1427,463.2,462.66
1428,463.57,462.66
1429,463.2,462.66
1430,463.3,462.66
1431,463.3,462.66
1432,463.3,462.66
1433,463.69,462.66
1434,463.69,462.66
1435,463.69,462.66
1436,463.69,462.66
1437,463.69,462.66
1438,463.69,462.66
1439,463.69,462.66
1440,463.69,462.66
1441,463.71,462.66
1442,463.76,462.66
1443,463.52,462.66
1444,463.52,462.66
1445,463.52,462.66
1446,463.52,462.66
1447,463.52,462.66
1448,463.52,462.66
1449,463.52,462.66
1450,463.52,462.66
1451,463.52,462.66
1452,463.52,462.66
1453,463.52,462.66
1454,463.66,462.66
1455,463.52,462.66
1456,463.88,462.66
1457,463.88,462.66
1458,463.88,462.66
1459,464.29,462.66
1460,464.26,462.66
1461,463.88,462.66
1462,463.88,462.66
1463,463.88,462.66
1464,463.88,462.66
1465,464.0,462.66
1466,463.64,462.66
1467,463.52,462.66
1468,464.03,462.66
1469,464.03,462.66
1470,464.11,462.66
1471,463.88,462.66
1472,463.78,462.66
1473,463.73,462.66
1474,463.73,462.66
1475,463.73,462.66
1476,463.73,462.66
1477,463.73,462.66
1478,463.73,462.66
1479,463.73,462.66
1480,463.74,462.66
1481,463.85,462.66
1482,463.85,462.66
1483,463.74,462.66
1484,463.74,462.66
1485,463.74,462.66
1486,463.74,462.66
1487,463.74,462.66
1488,463.74,462.66
1489,463.86,462.66
1490,463.98,462.66
1491,463.98,462.66
1492,463.98,462.66
1493,463.98,462.66
1494,463.98,462.66
1495,463.86,462.66
1496,463.86,462.66
1497,463.86,462.66
1498,463.86,462.66
1499,463.86,462.66
1500,463.86,462.66
1501,463.86,462.66
1502,463.86,462.66
1503,463.86,462.66
1504,464.02,462.66
1505,464.02,462.66
1506,464.02,462.66
1507,464.02,462.66
1508,464.02,462.66
1509,464.02,462.66
1510,464.02,462.66
1511,464.02,462.66
1512,464.02,462.66
1513,464.02,462.66
1514,464.24,462.66
1515,464.27,462.66
1516,464.43,462.66
1517,464.34,462.66
1518,464.34,462.66
1519,464.31,462.66
1520,464.31,462.66
1521,464.31,462.66
1522,464.31,462.66
1523,464.49,462.66
1524,464.49,462.66
1525,464.49,462.66
1526,464.24,462.66
1527,464.24,462.66
1528,464.24,462.66
1529,464.24,462.66
1530,464.24,462.66
1531,464.23,462.66
1532,464.22,462.66
1533,464.31,462.66
1534,464.31,462.66
1535,464.46,462.66
1536,464.76,462.66
1537,464.46,462.66
1538,464.46,462.66
1539,464.46,462.66
1540,464.44,462.66
1541,464.76,462.66
1542,464.53,462.66
1543,464.44,462.66
1544,464.44,462.66
1545,464.44,462.66
1546,464.44,462.66
1547,464.44,462.66
1548,464.44,462.66
1549,464.44,462.66
1550,464.46,462.66
1551,464.46,462.66
1552,464.51,462.66
1553,464.49,462.66
1554,464.49,462.66
1555,464.79,462.66
1556,464.49,462.66
1557,464.49,462.66
1558,464.49,462.66
1559,464.8,462.66
1560,464.8,462.66
1561,465.04,462.66
1562,465.39,462.66
1563,465.39,462.66
1564,465.44,462.66
1565,465.79,462.66
1566,465.49,462.66
1567,465.09,462.66
1568,465.09,462.66
1569,465.09,462.66
1570,465.09,462.66
1571,465.07,462.66
1572,465.06,462.66
1573,465.06,462.66
1574,465.06,462.66
1575,465.06,462.66
1576,465.06,462.66
1577,465.06,462.66
1578,465.06,462.66
1579,465.06,462.66
1580,464.84,462.66
1581,464.71,462.66
1582,464.71,462.66
1583,464.71,462.66
1584,464.21,462.66
1585,464.21,462.66
1586,464.11,462.66
1587,464.11,462.66
1588,464.11,462.66
1589,464.11,462.66
1590,464.11,462.66
1591,464.11,462.66
1592,464.11,462.66
1593,464.11,462.66
1594,464.11,462.66
1595,464.11,462.66
1596,464.11,462.66
1597,464.11,462.66
1598,463.87,462.66
1599,463.87,462.66
1600,463.87,462.66
1601,463.87,462.66
1602,463.87,462.66
1603,463.87,462.66
1604,463.87,462.66
1605,463.87,462.66
1606,463.87,462.66
1607,463.87,462.66
1608,464.08,462.66
1609,464.08,462.66
1610,464.08,462.66
1611,464.04,462.66
1612,464.04,462.66
